x_m,y_m,lat,lon,clutter_class
-9500.0,-16000.0,41.5003964,41.501032,open
-9500.0,-15500.0,41.5048931,41.501032,open
-9500.0,-15000.0,41.5093897,41.501032,open
-9500.0,-14500.0,41.5138863,41.501032,open
-9500.0,-14000.0,41.5183829,41.501032,open
-9500.0,-13500.0,41.5228795,41.501032,open
-9500.0,-13000.0,41.5273761,41.501032,open
-9500.0,-12500.0,41.5318727,41.501032,open
-9500.0,-12000.0,41.5363693,41.501032,open
-9500.0,-11500.0,41.5408659,41.501032,open
-9500.0,-11000.0,41.5453625,41.501032,open
-9500.0,-10500.0,41.5498591,41.501032,open
-9500.0,-10000.0,41.5543557,41.501032,open
-9500.0,-9500.0,41.5588523,41.501032,open
-9500.0,-9000.0,41.563349,41.501032,open
-9500.0,-8500.0,41.5678456,41.501032,open
-9500.0,-8000.0,41.5723422,41.501032,open
-9500.0,-7500.0,41.5768388,41.501032,open
-9500.0,-7000.0,41.5813354,41.501032,open
-9500.0,-6500.0,41.585832,41.501032,open
-9500.0,-6000.0,41.5903286,41.501032,open
-9500.0,-5500.0,41.5948252,41.501032,open
-9500.0,-5000.0,41.5993218,41.501032,open
-9500.0,-4500.0,41.6038184,41.501032,open
-9500.0,-4000.0,41.608315,41.501032,open
-9500.0,-3500.0,41.6128116,41.501032,open
-9500.0,-3000.0,41.6173083,41.501032,open
-9500.0,-2500.0,41.6218049,41.501032,open
-9500.0,-2000.0,41.6263015,41.501032,open
-9500.0,-1500.0,41.6307981,41.501032,open
-9500.0,-1000.0,41.6352947,41.501032,open
-9500.0,-500.0,41.6397913,41.501032,open
-9500.0,0.0,41.6442879,41.501032,open
-9500.0,500.0,41.6487845,41.501032,open
-9500.0,1000.0,41.6532811,41.501032,open
-9500.0,1500.0,41.6577777,41.501032,open
-9500.0,2000.0,41.6622743,41.501032,open
-9500.0,2500.0,41.6667709,41.501032,open
-9500.0,3000.0,41.6712675,41.501032,open
-9500.0,3500.0,41.6757642,41.501032,open
-9500.0,4000.0,41.6802608,41.501032,open
-9500.0,4500.0,41.6847574,41.501032,open
-9500.0,5000.0,41.689254,41.501032,open
-9500.0,5500.0,41.6937506,41.501032,open
-9500.0,6000.0,41.6982472,41.501032,open
-9500.0,6500.0,41.7027438,41.501032,open
-9500.0,7000.0,41.7072404,41.501032,open
-9500.0,7500.0,41.711737,41.501032,open
-9500.0,8000.0,41.7162336,41.501032,open
-9500.0,8500.0,41.7207302,41.501032,open
-9500.0,9000.0,41.7252268,41.501032,open
-9500.0,9500.0,41.7297235,41.501032,open
-9500.0,10000.0,41.7342201,41.501032,open
-9500.0,10500.0,41.7387167,41.501032,open
-9500.0,11000.0,41.7432133,41.501032,open
-9500.0,11500.0,41.7477099,41.501032,open
-9500.0,12000.0,41.7522065,41.501032,open
-9500.0,12500.0,41.7567031,41.501032,open
-9500.0,13000.0,41.7611997,41.501032,open
-9500.0,13500.0,41.7656963,41.501032,open
-9500.0,14000.0,41.7701929,41.501032,open
-9500.0,14500.0,41.7746895,41.501032,open
-9500.0,15000.0,41.7791861,41.501032,open
-9500.0,15500.0,41.7836827,41.501032,open
-9500.0,16000.0,41.7881794,41.501032,open
-9500.0,16500.0,41.792676,41.501032,open
-9500.0,17000.0,41.7971726,41.501032,open
-9500.0,17500.0,41.8016692,41.501032,open
-9500.0,18000.0,41.8061658,41.501032,open
-9500.0,18500.0,41.8106624,41.501032,open
-9500.0,19000.0,41.815159,41.501032,open
-9500.0,19500.0,41.8196556,41.501032,open
-9000.0,-16000.0,41.5003964,41.5070493,open
-9000.0,-15500.0,41.5048931,41.5070493,open
-9000.0,-15000.0,41.5093897,41.5070493,open
-9000.0,-14500.0,41.5138863,41.5070493,open
-9000.0,-14000.0,41.5183829,41.5070493,open
-9000.0,-13500.0,41.5228795,41.5070493,open
-9000.0,-13000.0,41.5273761,41.5070493,open
-9000.0,-12500.0,41.5318727,41.5070493,open
-9000.0,-12000.0,41.5363693,41.5070493,open
-9000.0,-11500.0,41.5408659,41.5070493,open
-9000.0,-11000.0,41.5453625,41.5070493,open
-9000.0,-10500.0,41.5498591,41.5070493,open
-9000.0,-10000.0,41.5543557,41.5070493,open
-9000.0,-9500.0,41.5588523,41.5070493,open
-9000.0,-9000.0,41.563349,41.5070493,open
-9000.0,-8500.0,41.5678456,41.5070493,open
-9000.0,-8000.0,41.5723422,41.5070493,open
-9000.0,-7500.0,41.5768388,41.5070493,open
-9000.0,-7000.0,41.5813354,41.5070493,open
-9000.0,-6500.0,41.585832,41.5070493,open
-9000.0,-6000.0,41.5903286,41.5070493,open
-9000.0,-5500.0,41.5948252,41.5070493,open
-9000.0,-5000.0,41.5993218,41.5070493,open
-9000.0,-4500.0,41.6038184,41.5070493,open
-9000.0,-4000.0,41.608315,41.5070493,open
-9000.0,-3500.0,41.6128116,41.5070493,open
-9000.0,-3000.0,41.6173083,41.5070493,open
-9000.0,-2500.0,41.6218049,41.5070493,open
-9000.0,-2000.0,41.6263015,41.5070493,open
-9000.0,-1500.0,41.6307981,41.5070493,open
-9000.0,-1000.0,41.6352947,41.5070493,open
-9000.0,-500.0,41.6397913,41.5070493,open
-9000.0,0.0,41.6442879,41.5070493,open
-9000.0,500.0,41.6487845,41.5070493,open
-9000.0,1000.0,41.6532811,41.5070493,open
-9000.0,1500.0,41.6577777,41.5070493,open
-9000.0,2000.0,41.6622743,41.5070493,open
-9000.0,2500.0,41.6667709,41.5070493,open
-9000.0,3000.0,41.6712675,41.5070493,open
-9000.0,3500.0,41.6757642,41.5070493,open
-9000.0,4000.0,41.6802608,41.5070493,open
-9000.0,4500.0,41.6847574,41.5070493,open
-9000.0,5000.0,41.689254,41.5070493,open
-9000.0,5500.0,41.6937506,41.5070493,open
-9000.0,6000.0,41.6982472,41.5070493,open
-9000.0,6500.0,41.7027438,41.5070493,open
-9000.0,7000.0,41.7072404,41.5070493,open
-9000.0,7500.0,41.711737,41.5070493,open
-9000.0,8000.0,41.7162336,41.5070493,open
-9000.0,8500.0,41.7207302,41.5070493,open
-9000.0,9000.0,41.7252268,41.5070493,open
-9000.0,9500.0,41.7297235,41.5070493,open
-9000.0,10000.0,41.7342201,41.5070493,open
-9000.0,10500.0,41.7387167,41.5070493,open
-9000.0,11000.0,41.7432133,41.5070493,open
-9000.0,11500.0,41.7477099,41.5070493,open
-9000.0,12000.0,41.7522065,41.5070493,open
-9000.0,12500.0,41.7567031,41.5070493,open
-9000.0,13000.0,41.7611997,41.5070493,open
-9000.0,13500.0,41.7656963,41.5070493,open
-9000.0,14000.0,41.7701929,41.5070493,open
-9000.0,14500.0,41.7746895,41.5070493,open
-9000.0,15000.0,41.7791861,41.5070493,open
-9000.0,15500.0,41.7836827,41.5070493,open
-9000.0,16000.0,41.7881794,41.5070493,open
-9000.0,16500.0,41.792676,41.5070493,open
-9000.0,17000.0,41.7971726,41.5070493,open
-9000.0,17500.0,41.8016692,41.5070493,open
-9000.0,18000.0,41.8061658,41.5070493,open
-9000.0,18500.0,41.8106624,41.5070493,open
-9000.0,19000.0,41.815159,41.5070493,open
-9000.0,19500.0,41.8196556,41.5070493,open
-8500.0,-16000.0,41.5003964,41.5130665,open
-8500.0,-15500.0,41.5048931,41.5130665,open
-8500.0,-15000.0,41.5093897,41.5130665,open
-8500.0,-14500.0,41.5138863,41.5130665,open
-8500.0,-14000.0,41.5183829,41.5130665,open
-8500.0,-13500.0,41.5228795,41.5130665,open
-8500.0,-13000.0,41.5273761,41.5130665,open
-8500.0,-12500.0,41.5318727,41.5130665,open
-8500.0,-12000.0,41.5363693,41.5130665,open
-8500.0,-11500.0,41.5408659,41.5130665,open
-8500.0,-11000.0,41.5453625,41.5130665,open
-8500.0,-10500.0,41.5498591,41.5130665,open
-8500.0,-10000.0,41.5543557,41.5130665,open
-8500.0,-9500.0,41.5588523,41.5130665,open
-8500.0,-9000.0,41.563349,41.5130665,open
-8500.0,-8500.0,41.5678456,41.5130665,open
-8500.0,-8000.0,41.5723422,41.5130665,open
-8500.0,-7500.0,41.5768388,41.5130665,open
-8500.0,-7000.0,41.5813354,41.5130665,open
-8500.0,-6500.0,41.585832,41.5130665,open
-8500.0,-6000.0,41.5903286,41.5130665,open
-8500.0,-5500.0,41.5948252,41.5130665,open
-8500.0,-5000.0,41.5993218,41.5130665,open
-8500.0,-4500.0,41.6038184,41.5130665,open
-8500.0,-4000.0,41.608315,41.5130665,open
-8500.0,-3500.0,41.6128116,41.5130665,open
-8500.0,-3000.0,41.6173083,41.5130665,open
-8500.0,-2500.0,41.6218049,41.5130665,open
-8500.0,-2000.0,41.6263015,41.5130665,open
-8500.0,-1500.0,41.6307981,41.5130665,open
-8500.0,-1000.0,41.6352947,41.5130665,open
-8500.0,-500.0,41.6397913,41.5130665,open
-8500.0,0.0,41.6442879,41.5130665,open
-8500.0,500.0,41.6487845,41.5130665,open
-8500.0,1000.0,41.6532811,41.5130665,open
-8500.0,1500.0,41.6577777,41.5130665,open
-8500.0,2000.0,41.6622743,41.5130665,open
-8500.0,2500.0,41.6667709,41.5130665,open
-8500.0,3000.0,41.6712675,41.5130665,open
-8500.0,3500.0,41.6757642,41.5130665,open
-8500.0,4000.0,41.6802608,41.5130665,open
-8500.0,4500.0,41.6847574,41.5130665,open
-8500.0,5000.0,41.689254,41.5130665,open
-8500.0,5500.0,41.6937506,41.5130665,open
-8500.0,6000.0,41.6982472,41.5130665,open
-8500.0,6500.0,41.7027438,41.5130665,open
-8500.0,7000.0,41.7072404,41.5130665,open
-8500.0,7500.0,41.711737,41.5130665,open
-8500.0,8000.0,41.7162336,41.5130665,open
-8500.0,8500.0,41.7207302,41.5130665,open
-8500.0,9000.0,41.7252268,41.5130665,open
-8500.0,9500.0,41.7297235,41.5130665,open
-8500.0,10000.0,41.7342201,41.5130665,open
-8500.0,10500.0,41.7387167,41.5130665,open
-8500.0,11000.0,41.7432133,41.5130665,open
-8500.0,11500.0,41.7477099,41.5130665,open
-8500.0,12000.0,41.7522065,41.5130665,open
-8500.0,12500.0,41.7567031,41.5130665,open
-8500.0,13000.0,41.7611997,41.5130665,open
-8500.0,13500.0,41.7656963,41.5130665,open
-8500.0,14000.0,41.7701929,41.5130665,open
-8500.0,14500.0,41.7746895,41.5130665,open
-8500.0,15000.0,41.7791861,41.5130665,open
-8500.0,15500.0,41.7836827,41.5130665,open
-8500.0,16000.0,41.7881794,41.5130665,open
-8500.0,16500.0,41.792676,41.5130665,open
-8500.0,17000.0,41.7971726,41.5130665,open
-8500.0,17500.0,41.8016692,41.5130665,open
-8500.0,18000.0,41.8061658,41.5130665,open
-8500.0,18500.0,41.8106624,41.5130665,open
-8500.0,19000.0,41.815159,41.5130665,open
-8500.0,19500.0,41.8196556,41.5130665,open
-8000.0,-16000.0,41.5003964,41.5190838,open
-8000.0,-15500.0,41.5048931,41.5190838,open
-8000.0,-15000.0,41.5093897,41.5190838,open
-8000.0,-14500.0,41.5138863,41.5190838,open
-8000.0,-14000.0,41.5183829,41.5190838,open
-8000.0,-13500.0,41.5228795,41.5190838,open
-8000.0,-13000.0,41.5273761,41.5190838,open
-8000.0,-12500.0,41.5318727,41.5190838,open
-8000.0,-12000.0,41.5363693,41.5190838,open
-8000.0,-11500.0,41.5408659,41.5190838,open
-8000.0,-11000.0,41.5453625,41.5190838,open
-8000.0,-10500.0,41.5498591,41.5190838,open
-8000.0,-10000.0,41.5543557,41.5190838,open
-8000.0,-9500.0,41.5588523,41.5190838,open
-8000.0,-9000.0,41.563349,41.5190838,open
-8000.0,-8500.0,41.5678456,41.5190838,open
-8000.0,-8000.0,41.5723422,41.5190838,open
-8000.0,-7500.0,41.5768388,41.5190838,open
-8000.0,-7000.0,41.5813354,41.5190838,open
-8000.0,-6500.0,41.585832,41.5190838,open
-8000.0,-6000.0,41.5903286,41.5190838,open
-8000.0,-5500.0,41.5948252,41.5190838,open
-8000.0,-5000.0,41.5993218,41.5190838,open
-8000.0,-4500.0,41.6038184,41.5190838,open
-8000.0,-4000.0,41.608315,41.5190838,open
-8000.0,-3500.0,41.6128116,41.5190838,open
-8000.0,-3000.0,41.6173083,41.5190838,open
-8000.0,-2500.0,41.6218049,41.5190838,open
-8000.0,-2000.0,41.6263015,41.5190838,open
-8000.0,-1500.0,41.6307981,41.5190838,open
-8000.0,-1000.0,41.6352947,41.5190838,open
-8000.0,-500.0,41.6397913,41.5190838,open
-8000.0,0.0,41.6442879,41.5190838,open
-8000.0,500.0,41.6487845,41.5190838,open
-8000.0,1000.0,41.6532811,41.5190838,open
-8000.0,1500.0,41.6577777,41.5190838,open
-8000.0,2000.0,41.6622743,41.5190838,open
-8000.0,2500.0,41.6667709,41.5190838,open
-8000.0,3000.0,41.6712675,41.5190838,open
-8000.0,3500.0,41.6757642,41.5190838,open
-8000.0,4000.0,41.6802608,41.5190838,open
-8000.0,4500.0,41.6847574,41.5190838,open
-8000.0,5000.0,41.689254,41.5190838,open
-8000.0,5500.0,41.6937506,41.5190838,open
-8000.0,6000.0,41.6982472,41.5190838,open
-8000.0,6500.0,41.7027438,41.5190838,open
-8000.0,7000.0,41.7072404,41.5190838,open
-8000.0,7500.0,41.711737,41.5190838,open
-8000.0,8000.0,41.7162336,41.5190838,open
-8000.0,8500.0,41.7207302,41.5190838,open
-8000.0,9000.0,41.7252268,41.5190838,open
-8000.0,9500.0,41.7297235,41.5190838,open
-8000.0,10000.0,41.7342201,41.5190838,open
-8000.0,10500.0,41.7387167,41.5190838,open
-8000.0,11000.0,41.7432133,41.5190838,open
-8000.0,11500.0,41.7477099,41.5190838,open
-8000.0,12000.0,41.7522065,41.5190838,open
-8000.0,12500.0,41.7567031,41.5190838,open
-8000.0,13000.0,41.7611997,41.5190838,open
-8000.0,13500.0,41.7656963,41.5190838,open
-8000.0,14000.0,41.7701929,41.5190838,open
-8000.0,14500.0,41.7746895,41.5190838,open
-8000.0,15000.0,41.7791861,41.5190838,open
-8000.0,15500.0,41.7836827,41.5190838,open
-8000.0,16000.0,41.7881794,41.5190838,open
-8000.0,16500.0,41.792676,41.5190838,open
-8000.0,17000.0,41.7971726,41.5190838,open
-8000.0,17500.0,41.8016692,41.5190838,open
-8000.0,18000.0,41.8061658,41.5190838,open
-8000.0,18500.0,41.8106624,41.5190838,open
-8000.0,19000.0,41.815159,41.5190838,open
-8000.0,19500.0,41.8196556,41.5190838,open
-7500.0,-16000.0,41.5003964,41.5251011,open
-7500.0,-15500.0,41.5048931,41.5251011,open
-7500.0,-15000.0,41.5093897,41.5251011,open
-7500.0,-14500.0,41.5138863,41.5251011,open
-7500.0,-14000.0,41.5183829,41.5251011,open
-7500.0,-13500.0,41.5228795,41.5251011,open
-7500.0,-13000.0,41.5273761,41.5251011,open
-7500.0,-12500.0,41.5318727,41.5251011,open
-7500.0,-12000.0,41.5363693,41.5251011,open
-7500.0,-11500.0,41.5408659,41.5251011,open
-7500.0,-11000.0,41.5453625,41.5251011,open
-7500.0,-10500.0,41.5498591,41.5251011,open
-7500.0,-10000.0,41.5543557,41.5251011,open
-7500.0,-9500.0,41.5588523,41.5251011,open
-7500.0,-9000.0,41.563349,41.5251011,open
-7500.0,-8500.0,41.5678456,41.5251011,open
-7500.0,-8000.0,41.5723422,41.5251011,open
-7500.0,-7500.0,41.5768388,41.5251011,open
-7500.0,-7000.0,41.5813354,41.5251011,open
-7500.0,-6500.0,41.585832,41.5251011,open
-7500.0,-6000.0,41.5903286,41.5251011,open
-7500.0,-5500.0,41.5948252,41.5251011,open
-7500.0,-5000.0,41.5993218,41.5251011,open
-7500.0,-4500.0,41.6038184,41.5251011,open
-7500.0,-4000.0,41.608315,41.5251011,open
-7500.0,-3500.0,41.6128116,41.5251011,open
-7500.0,-3000.0,41.6173083,41.5251011,open
-7500.0,-2500.0,41.6218049,41.5251011,open
-7500.0,-2000.0,41.6263015,41.5251011,open
-7500.0,-1500.0,41.6307981,41.5251011,open
-7500.0,-1000.0,41.6352947,41.5251011,open
-7500.0,-500.0,41.6397913,41.5251011,open
-7500.0,0.0,41.6442879,41.5251011,open
-7500.0,500.0,41.6487845,41.5251011,open
-7500.0,1000.0,41.6532811,41.5251011,open
-7500.0,1500.0,41.6577777,41.5251011,open
-7500.0,2000.0,41.6622743,41.5251011,open
-7500.0,2500.0,41.6667709,41.5251011,open
-7500.0,3000.0,41.6712675,41.5251011,open
-7500.0,3500.0,41.6757642,41.5251011,open
-7500.0,4000.0,41.6802608,41.5251011,open
-7500.0,4500.0,41.6847574,41.5251011,open
-7500.0,5000.0,41.689254,41.5251011,open
-7500.0,5500.0,41.6937506,41.5251011,open
-7500.0,6000.0,41.6982472,41.5251011,open
-7500.0,6500.0,41.7027438,41.5251011,open
-7500.0,7000.0,41.7072404,41.5251011,open
-7500.0,7500.0,41.711737,41.5251011,open
-7500.0,8000.0,41.7162336,41.5251011,open
-7500.0,8500.0,41.7207302,41.5251011,open
-7500.0,9000.0,41.7252268,41.5251011,open
-7500.0,9500.0,41.7297235,41.5251011,open
-7500.0,10000.0,41.7342201,41.5251011,open
-7500.0,10500.0,41.7387167,41.5251011,open
-7500.0,11000.0,41.7432133,41.5251011,open
-7500.0,11500.0,41.7477099,41.5251011,open
-7500.0,12000.0,41.7522065,41.5251011,open
-7500.0,12500.0,41.7567031,41.5251011,open
-7500.0,13000.0,41.7611997,41.5251011,open
-7500.0,13500.0,41.7656963,41.5251011,open
-7500.0,14000.0,41.7701929,41.5251011,open
-7500.0,14500.0,41.7746895,41.5251011,open
-7500.0,15000.0,41.7791861,41.5251011,open
-7500.0,15500.0,41.7836827,41.5251011,open
-7500.0,16000.0,41.7881794,41.5251011,open
-7500.0,16500.0,41.792676,41.5251011,open
-7500.0,17000.0,41.7971726,41.5251011,open
-7500.0,17500.0,41.8016692,41.5251011,open
-7500.0,18000.0,41.8061658,41.5251011,open
-7500.0,18500.0,41.8106624,41.5251011,open
-7500.0,19000.0,41.815159,41.5251011,open
-7500.0,19500.0,41.8196556,41.5251011,open
-7000.0,-16000.0,41.5003964,41.5311183,open
-7000.0,-15500.0,41.5048931,41.5311183,open
-7000.0,-15000.0,41.5093897,41.5311183,open
-7000.0,-14500.0,41.5138863,41.5311183,open
-7000.0,-14000.0,41.5183829,41.5311183,open
-7000.0,-13500.0,41.5228795,41.5311183,open
-7000.0,-13000.0,41.5273761,41.5311183,open
-7000.0,-12500.0,41.5318727,41.5311183,open
-7000.0,-12000.0,41.5363693,41.5311183,open
-7000.0,-11500.0,41.5408659,41.5311183,open
-7000.0,-11000.0,41.5453625,41.5311183,open
-7000.0,-10500.0,41.5498591,41.5311183,open
-7000.0,-10000.0,41.5543557,41.5311183,open
-7000.0,-9500.0,41.5588523,41.5311183,open
-7000.0,-9000.0,41.563349,41.5311183,open
-7000.0,-8500.0,41.5678456,41.5311183,open
-7000.0,-8000.0,41.5723422,41.5311183,open
-7000.0,-7500.0,41.5768388,41.5311183,open
-7000.0,-7000.0,41.5813354,41.5311183,open
-7000.0,-6500.0,41.585832,41.5311183,open
-7000.0,-6000.0,41.5903286,41.5311183,open
-7000.0,-5500.0,41.5948252,41.5311183,open
-7000.0,-5000.0,41.5993218,41.5311183,open
-7000.0,-4500.0,41.6038184,41.5311183,open
-7000.0,-4000.0,41.608315,41.5311183,open
-7000.0,-3500.0,41.6128116,41.5311183,open
-7000.0,-3000.0,41.6173083,41.5311183,open
-7000.0,-2500.0,41.6218049,41.5311183,open
-7000.0,-2000.0,41.6263015,41.5311183,open
-7000.0,-1500.0,41.6307981,41.5311183,open
-7000.0,-1000.0,41.6352947,41.5311183,open
-7000.0,-500.0,41.6397913,41.5311183,open
-7000.0,0.0,41.6442879,41.5311183,open
-7000.0,500.0,41.6487845,41.5311183,open
-7000.0,1000.0,41.6532811,41.5311183,open
-7000.0,1500.0,41.6577777,41.5311183,open
-7000.0,2000.0,41.6622743,41.5311183,open
-7000.0,2500.0,41.6667709,41.5311183,open
-7000.0,3000.0,41.6712675,41.5311183,open
-7000.0,3500.0,41.6757642,41.5311183,open
-7000.0,4000.0,41.6802608,41.5311183,open
-7000.0,4500.0,41.6847574,41.5311183,open
-7000.0,5000.0,41.689254,41.5311183,open
-7000.0,5500.0,41.6937506,41.5311183,open
-7000.0,6000.0,41.6982472,41.5311183,open
-7000.0,6500.0,41.7027438,41.5311183,open
-7000.0,7000.0,41.7072404,41.5311183,open
-7000.0,7500.0,41.711737,41.5311183,open
-7000.0,8000.0,41.7162336,41.5311183,open
-7000.0,8500.0,41.7207302,41.5311183,open
-7000.0,9000.0,41.7252268,41.5311183,open
-7000.0,9500.0,41.7297235,41.5311183,open
-7000.0,10000.0,41.7342201,41.5311183,open
-7000.0,10500.0,41.7387167,41.5311183,open
-7000.0,11000.0,41.7432133,41.5311183,open
-7000.0,11500.0,41.7477099,41.5311183,open
-7000.0,12000.0,41.7522065,41.5311183,open
-7000.0,12500.0,41.7567031,41.5311183,open
-7000.0,13000.0,41.7611997,41.5311183,open
-7000.0,13500.0,41.7656963,41.5311183,open
-7000.0,14000.0,41.7701929,41.5311183,open
-7000.0,14500.0,41.7746895,41.5311183,open
-7000.0,15000.0,41.7791861,41.5311183,open
-7000.0,15500.0,41.7836827,41.5311183,open
-7000.0,16000.0,41.7881794,41.5311183,open
-7000.0,16500.0,41.792676,41.5311183,open
-7000.0,17000.0,41.7971726,41.5311183,open
-7000.0,17500.0,41.8016692,41.5311183,open
-7000.0,18000.0,41.8061658,41.5311183,open
-7000.0,18500.0,41.8106624,41.5311183,open
-7000.0,19000.0,41.815159,41.5311183,open
-7000.0,19500.0,41.8196556,41.5311183,open
-6500.0,-16000.0,41.5003964,41.5371356,open
-6500.0,-15500.0,41.5048931,41.5371356,open
-6500.0,-15000.0,41.5093897,41.5371356,open
-6500.0,-14500.0,41.5138863,41.5371356,open
-6500.0,-14000.0,41.5183829,41.5371356,open
-6500.0,-13500.0,41.5228795,41.5371356,open
-6500.0,-13000.0,41.5273761,41.5371356,open
-6500.0,-12500.0,41.5318727,41.5371356,open
-6500.0,-12000.0,41.5363693,41.5371356,open
-6500.0,-11500.0,41.5408659,41.5371356,open
-6500.0,-11000.0,41.5453625,41.5371356,open
-6500.0,-10500.0,41.5498591,41.5371356,open
-6500.0,-10000.0,41.5543557,41.5371356,open
-6500.0,-9500.0,41.5588523,41.5371356,open
-6500.0,-9000.0,41.563349,41.5371356,open
-6500.0,-8500.0,41.5678456,41.5371356,open
-6500.0,-8000.0,41.5723422,41.5371356,open
-6500.0,-7500.0,41.5768388,41.5371356,open
-6500.0,-7000.0,41.5813354,41.5371356,open
-6500.0,-6500.0,41.585832,41.5371356,open
-6500.0,-6000.0,41.5903286,41.5371356,open
-6500.0,-5500.0,41.5948252,41.5371356,open
-6500.0,-5000.0,41.5993218,41.5371356,open
-6500.0,-4500.0,41.6038184,41.5371356,open
-6500.0,-4000.0,41.608315,41.5371356,open
-6500.0,-3500.0,41.6128116,41.5371356,open
-6500.0,-3000.0,41.6173083,41.5371356,open
-6500.0,-2500.0,41.6218049,41.5371356,open
-6500.0,-2000.0,41.6263015,41.5371356,open
-6500.0,-1500.0,41.6307981,41.5371356,open
-6500.0,-1000.0,41.6352947,41.5371356,open
-6500.0,-500.0,41.6397913,41.5371356,open
-6500.0,0.0,41.6442879,41.5371356,open
-6500.0,500.0,41.6487845,41.5371356,open
-6500.0,1000.0,41.6532811,41.5371356,open
-6500.0,1500.0,41.6577777,41.5371356,open
-6500.0,2000.0,41.6622743,41.5371356,open
-6500.0,2500.0,41.6667709,41.5371356,open
-6500.0,3000.0,41.6712675,41.5371356,open
-6500.0,3500.0,41.6757642,41.5371356,open
-6500.0,4000.0,41.6802608,41.5371356,open
-6500.0,4500.0,41.6847574,41.5371356,open
-6500.0,5000.0,41.689254,41.5371356,open
-6500.0,5500.0,41.6937506,41.5371356,open
-6500.0,6000.0,41.6982472,41.5371356,open
-6500.0,6500.0,41.7027438,41.5371356,open
-6500.0,7000.0,41.7072404,41.5371356,open
-6500.0,7500.0,41.711737,41.5371356,open
-6500.0,8000.0,41.7162336,41.5371356,open
-6500.0,8500.0,41.7207302,41.5371356,open
-6500.0,9000.0,41.7252268,41.5371356,open
-6500.0,9500.0,41.7297235,41.5371356,open
-6500.0,10000.0,41.7342201,41.5371356,open
-6500.0,10500.0,41.7387167,41.5371356,open
-6500.0,11000.0,41.7432133,41.5371356,open
-6500.0,11500.0,41.7477099,41.5371356,open
-6500.0,12000.0,41.7522065,41.5371356,open
-6500.0,12500.0,41.7567031,41.5371356,open
-6500.0,13000.0,41.7611997,41.5371356,open
-6500.0,13500.0,41.7656963,41.5371356,open
-6500.0,14000.0,41.7701929,41.5371356,open
-6500.0,14500.0,41.7746895,41.5371356,open
-6500.0,15000.0,41.7791861,41.5371356,open
-6500.0,15500.0,41.7836827,41.5371356,open
-6500.0,16000.0,41.7881794,41.5371356,open
-6500.0,16500.0,41.792676,41.5371356,open
-6500.0,17000.0,41.7971726,41.5371356,open
-6500.0,17500.0,41.8016692,41.5371356,open
-6500.0,18000.0,41.8061658,41.5371356,open
-6500.0,18500.0,41.8106624,41.5371356,open
-6500.0,19000.0,41.815159,41.5371356,open
-6500.0,19500.0,41.8196556,41.5371356,open
-6000.0,-16000.0,41.5003964,41.5431529,open
-6000.0,-15500.0,41.5048931,41.5431529,open
-6000.0,-15000.0,41.5093897,41.5431529,open
-6000.0,-14500.0,41.5138863,41.5431529,open
-6000.0,-14000.0,41.5183829,41.5431529,urban
-6000.0,-13500.0,41.5228795,41.5431529,open
-6000.0,-13000.0,41.5273761,41.5431529,open
-6000.0,-12500.0,41.5318727,41.5431529,open
-6000.0,-12000.0,41.5363693,41.5431529,open
-6000.0,-11500.0,41.5408659,41.5431529,open
-6000.0,-11000.0,41.5453625,41.5431529,open
-6000.0,-10500.0,41.5498591,41.5431529,open
-6000.0,-10000.0,41.5543557,41.5431529,open
-6000.0,-9500.0,41.5588523,41.5431529,open
-6000.0,-9000.0,41.563349,41.5431529,open
-6000.0,-8500.0,41.5678456,41.5431529,open
-6000.0,-8000.0,41.5723422,41.5431529,open
-6000.0,-7500.0,41.5768388,41.5431529,open
-6000.0,-7000.0,41.5813354,41.5431529,open
-6000.0,-6500.0,41.585832,41.5431529,open
-6000.0,-6000.0,41.5903286,41.5431529,open
-6000.0,-5500.0,41.5948252,41.5431529,open
-6000.0,-5000.0,41.5993218,41.5431529,open
-6000.0,-4500.0,41.6038184,41.5431529,open
-6000.0,-4000.0,41.608315,41.5431529,open
-6000.0,-3500.0,41.6128116,41.5431529,open
-6000.0,-3000.0,41.6173083,41.5431529,open
-6000.0,-2500.0,41.6218049,41.5431529,open
-6000.0,-2000.0,41.6263015,41.5431529,open
-6000.0,-1500.0,41.6307981,41.5431529,open
-6000.0,-1000.0,41.6352947,41.5431529,open
-6000.0,-500.0,41.6397913,41.5431529,open
-6000.0,0.0,41.6442879,41.5431529,open
-6000.0,500.0,41.6487845,41.5431529,open
-6000.0,1000.0,41.6532811,41.5431529,open
-6000.0,1500.0,41.6577777,41.5431529,open
-6000.0,2000.0,41.6622743,41.5431529,open
-6000.0,2500.0,41.6667709,41.5431529,open
-6000.0,3000.0,41.6712675,41.5431529,open
-6000.0,3500.0,41.6757642,41.5431529,open
-6000.0,4000.0,41.6802608,41.5431529,open
-6000.0,4500.0,41.6847574,41.5431529,open
-6000.0,5000.0,41.689254,41.5431529,open
-6000.0,5500.0,41.6937506,41.5431529,open
-6000.0,6000.0,41.6982472,41.5431529,open
-6000.0,6500.0,41.7027438,41.5431529,open
-6000.0,7000.0,41.7072404,41.5431529,open
-6000.0,7500.0,41.711737,41.5431529,open
-6000.0,8000.0,41.7162336,41.5431529,open
-6000.0,8500.0,41.7207302,41.5431529,open
-6000.0,9000.0,41.7252268,41.5431529,open
-6000.0,9500.0,41.7297235,41.5431529,open
-6000.0,10000.0,41.7342201,41.5431529,open
-6000.0,10500.0,41.7387167,41.5431529,open
-6000.0,11000.0,41.7432133,41.5431529,open
-6000.0,11500.0,41.7477099,41.5431529,open
-6000.0,12000.0,41.7522065,41.5431529,open
-6000.0,12500.0,41.7567031,41.5431529,open
-6000.0,13000.0,41.7611997,41.5431529,open
-6000.0,13500.0,41.7656963,41.5431529,open
-6000.0,14000.0,41.7701929,41.5431529,open
-6000.0,14500.0,41.7746895,41.5431529,open
-6000.0,15000.0,41.7791861,41.5431529,open
-6000.0,15500.0,41.7836827,41.5431529,open
-6000.0,16000.0,41.7881794,41.5431529,open
-6000.0,16500.0,41.792676,41.5431529,open
-6000.0,17000.0,41.7971726,41.5431529,open
-6000.0,17500.0,41.8016692,41.5431529,open
-6000.0,18000.0,41.8061658,41.5431529,open
-6000.0,18500.0,41.8106624,41.5431529,open
-6000.0,19000.0,41.815159,41.5431529,open
-6000.0,19500.0,41.8196556,41.5431529,open
-5500.0,-16000.0,41.5003964,41.5491701,open
-5500.0,-15500.0,41.5048931,41.5491701,urban
-5500.0,-15000.0,41.5093897,41.5491701,urban
-5500.0,-14500.0,41.5138863,41.5491701,urban
-5500.0,-14000.0,41.5183829,41.5491701,urban
-5500.0,-13500.0,41.5228795,41.5491701,urban
-5500.0,-13000.0,41.5273761,41.5491701,urban
-5500.0,-12500.0,41.5318727,41.5491701,urban
-5500.0,-12000.0,41.5363693,41.5491701,open
-5500.0,-11500.0,41.5408659,41.5491701,open
-5500.0,-11000.0,41.5453625,41.5491701,open
-5500.0,-10500.0,41.5498591,41.5491701,open
-5500.0,-10000.0,41.5543557,41.5491701,open
-5500.0,-9500.0,41.5588523,41.5491701,open
-5500.0,-9000.0,41.563349,41.5491701,open
-5500.0,-8500.0,41.5678456,41.5491701,open
-5500.0,-8000.0,41.5723422,41.5491701,open
-5500.0,-7500.0,41.5768388,41.5491701,open
-5500.0,-7000.0,41.5813354,41.5491701,open
-5500.0,-6500.0,41.585832,41.5491701,open
-5500.0,-6000.0,41.5903286,41.5491701,open
-5500.0,-5500.0,41.5948252,41.5491701,open
-5500.0,-5000.0,41.5993218,41.5491701,open
-5500.0,-4500.0,41.6038184,41.5491701,open
-5500.0,-4000.0,41.608315,41.5491701,open
-5500.0,-3500.0,41.6128116,41.5491701,open
-5500.0,-3000.0,41.6173083,41.5491701,open
-5500.0,-2500.0,41.6218049,41.5491701,open
-5500.0,-2000.0,41.6263015,41.5491701,open
-5500.0,-1500.0,41.6307981,41.5491701,open
-5500.0,-1000.0,41.6352947,41.5491701,open
-5500.0,-500.0,41.6397913,41.5491701,open
-5500.0,0.0,41.6442879,41.5491701,open
-5500.0,500.0,41.6487845,41.5491701,open
-5500.0,1000.0,41.6532811,41.5491701,open
-5500.0,1500.0,41.6577777,41.5491701,open
-5500.0,2000.0,41.6622743,41.5491701,open
-5500.0,2500.0,41.6667709,41.5491701,open
-5500.0,3000.0,41.6712675,41.5491701,open
-5500.0,3500.0,41.6757642,41.5491701,open
-5500.0,4000.0,41.6802608,41.5491701,open
-5500.0,4500.0,41.6847574,41.5491701,open
-5500.0,5000.0,41.689254,41.5491701,open
-5500.0,5500.0,41.6937506,41.5491701,open
-5500.0,6000.0,41.6982472,41.5491701,open
-5500.0,6500.0,41.7027438,41.5491701,open
-5500.0,7000.0,41.7072404,41.5491701,open
-5500.0,7500.0,41.711737,41.5491701,open
-5500.0,8000.0,41.7162336,41.5491701,open
-5500.0,8500.0,41.7207302,41.5491701,open
-5500.0,9000.0,41.7252268,41.5491701,open
-5500.0,9500.0,41.7297235,41.5491701,open
-5500.0,10000.0,41.7342201,41.5491701,open
-5500.0,10500.0,41.7387167,41.5491701,open
-5500.0,11000.0,41.7432133,41.5491701,open
-5500.0,11500.0,41.7477099,41.5491701,open
-5500.0,12000.0,41.7522065,41.5491701,open
-5500.0,12500.0,41.7567031,41.5491701,open
-5500.0,13000.0,41.7611997,41.5491701,open
-5500.0,13500.0,41.7656963,41.5491701,open
-5500.0,14000.0,41.7701929,41.5491701,open
-5500.0,14500.0,41.7746895,41.5491701,open
-5500.0,15000.0,41.7791861,41.5491701,open
-5500.0,15500.0,41.7836827,41.5491701,open
-5500.0,16000.0,41.7881794,41.5491701,open
-5500.0,16500.0,41.792676,41.5491701,open
-5500.0,17000.0,41.7971726,41.5491701,open
-5500.0,17500.0,41.8016692,41.5491701,open
-5500.0,18000.0,41.8061658,41.5491701,open
-5500.0,18500.0,41.8106624,41.5491701,open
-5500.0,19000.0,41.815159,41.5491701,open
-5500.0,19500.0,41.8196556,41.5491701,open
-5000.0,-16000.0,41.5003964,41.5551874,open
-5000.0,-15500.0,41.5048931,41.5551874,open
-5000.0,-15000.0,41.5093897,41.5551874,urban
-5000.0,-14500.0,41.5138863,41.5551874,urban
-5000.0,-14000.0,41.5183829,41.5551874,urban
-5000.0,-13500.0,41.5228795,41.5551874,urban
-5000.0,-13000.0,41.5273761,41.5551874,urban
-5000.0,-12500.0,41.5318727,41.5551874,urban
-5000.0,-12000.0,41.5363693,41.5551874,urban
-5000.0,-11500.0,41.5408659,41.5551874,urban
-5000.0,-11000.0,41.5453625,41.5551874,open
-5000.0,-10500.0,41.5498591,41.5551874,open
-5000.0,-10000.0,41.5543557,41.5551874,open
-5000.0,-9500.0,41.5588523,41.5551874,open
-5000.0,-9000.0,41.563349,41.5551874,open
-5000.0,-8500.0,41.5678456,41.5551874,open
-5000.0,-8000.0,41.5723422,41.5551874,open
-5000.0,-7500.0,41.5768388,41.5551874,open
-5000.0,-7000.0,41.5813354,41.5551874,open
-5000.0,-6500.0,41.585832,41.5551874,open
-5000.0,-6000.0,41.5903286,41.5551874,open
-5000.0,-5500.0,41.5948252,41.5551874,open
-5000.0,-5000.0,41.5993218,41.5551874,open
-5000.0,-4500.0,41.6038184,41.5551874,open
-5000.0,-4000.0,41.608315,41.5551874,open
-5000.0,-3500.0,41.6128116,41.5551874,open
-5000.0,-3000.0,41.6173083,41.5551874,open
-5000.0,-2500.0,41.6218049,41.5551874,open
-5000.0,-2000.0,41.6263015,41.5551874,open
-5000.0,-1500.0,41.6307981,41.5551874,open
-5000.0,-1000.0,41.6352947,41.5551874,open
-5000.0,-500.0,41.6397913,41.5551874,open
-5000.0,0.0,41.6442879,41.5551874,open
-5000.0,500.0,41.6487845,41.5551874,open
-5000.0,1000.0,41.6532811,41.5551874,open
-5000.0,1500.0,41.6577777,41.5551874,open
-5000.0,2000.0,41.6622743,41.5551874,open
-5000.0,2500.0,41.6667709,41.5551874,open
-5000.0,3000.0,41.6712675,41.5551874,open
-5000.0,3500.0,41.6757642,41.5551874,open
-5000.0,4000.0,41.6802608,41.5551874,open
-5000.0,4500.0,41.6847574,41.5551874,open
-5000.0,5000.0,41.689254,41.5551874,open
-5000.0,5500.0,41.6937506,41.5551874,open
-5000.0,6000.0,41.6982472,41.5551874,open
-5000.0,6500.0,41.7027438,41.5551874,open
-5000.0,7000.0,41.7072404,41.5551874,open
-5000.0,7500.0,41.711737,41.5551874,open
-5000.0,8000.0,41.7162336,41.5551874,open
-5000.0,8500.0,41.7207302,41.5551874,open
-5000.0,9000.0,41.7252268,41.5551874,open
-5000.0,9500.0,41.7297235,41.5551874,open
-5000.0,10000.0,41.7342201,41.5551874,open
-5000.0,10500.0,41.7387167,41.5551874,open
-5000.0,11000.0,41.7432133,41.5551874,open
-5000.0,11500.0,41.7477099,41.5551874,open
-5000.0,12000.0,41.7522065,41.5551874,open
-5000.0,12500.0,41.7567031,41.5551874,open
-5000.0,13000.0,41.7611997,41.5551874,open
-5000.0,13500.0,41.7656963,41.5551874,open
-5000.0,14000.0,41.7701929,41.5551874,open
-5000.0,14500.0,41.7746895,41.5551874,open
-5000.0,15000.0,41.7791861,41.5551874,open
-5000.0,15500.0,41.7836827,41.5551874,open
-5000.0,16000.0,41.7881794,41.5551874,open
-5000.0,16500.0,41.792676,41.5551874,open
-5000.0,17000.0,41.7971726,41.5551874,open
-5000.0,17500.0,41.8016692,41.5551874,open
-5000.0,18000.0,41.8061658,41.5551874,open
-5000.0,18500.0,41.8106624,41.5551874,open
-5000.0,19000.0,41.815159,41.5551874,open
-5000.0,19500.0,41.8196556,41.5551874,open
-4500.0,-16000.0,41.5003964,41.5612046,open
-4500.0,-15500.0,41.5048931,41.5612046,open
-4500.0,-15000.0,41.5093897,41.5612046,urban
-4500.0,-14500.0,41.5138863,41.5612046,urban
-4500.0,-14000.0,41.5183829,41.5612046,urban
-4500.0,-13500.0,41.5228795,41.5612046,open
-4500.0,-13000.0,41.5273761,41.5612046,open
-4500.0,-12500.0,41.5318727,41.5612046,urban
-4500.0,-12000.0,41.5363693,41.5612046,urban
-4500.0,-11500.0,41.5408659,41.5612046,urban
-4500.0,-11000.0,41.5453625,41.5612046,urban
-4500.0,-10500.0,41.5498591,41.5612046,urban
-4500.0,-10000.0,41.5543557,41.5612046,urban
-4500.0,-9500.0,41.5588523,41.5612046,open
-4500.0,-9000.0,41.563349,41.5612046,open
-4500.0,-8500.0,41.5678456,41.5612046,open
-4500.0,-8000.0,41.5723422,41.5612046,open
-4500.0,-7500.0,41.5768388,41.5612046,open
-4500.0,-7000.0,41.5813354,41.5612046,open
-4500.0,-6500.0,41.585832,41.5612046,open
-4500.0,-6000.0,41.5903286,41.5612046,open
-4500.0,-5500.0,41.5948252,41.5612046,open
-4500.0,-5000.0,41.5993218,41.5612046,open
-4500.0,-4500.0,41.6038184,41.5612046,open
-4500.0,-4000.0,41.608315,41.5612046,open
-4500.0,-3500.0,41.6128116,41.5612046,open
-4500.0,-3000.0,41.6173083,41.5612046,open
-4500.0,-2500.0,41.6218049,41.5612046,open
-4500.0,-2000.0,41.6263015,41.5612046,open
-4500.0,-1500.0,41.6307981,41.5612046,open
-4500.0,-1000.0,41.6352947,41.5612046,open
-4500.0,-500.0,41.6397913,41.5612046,open
-4500.0,0.0,41.6442879,41.5612046,open
-4500.0,500.0,41.6487845,41.5612046,open
-4500.0,1000.0,41.6532811,41.5612046,open
-4500.0,1500.0,41.6577777,41.5612046,open
-4500.0,2000.0,41.6622743,41.5612046,open
-4500.0,2500.0,41.6667709,41.5612046,open
-4500.0,3000.0,41.6712675,41.5612046,open
-4500.0,3500.0,41.6757642,41.5612046,open
-4500.0,4000.0,41.6802608,41.5612046,open
-4500.0,4500.0,41.6847574,41.5612046,open
-4500.0,5000.0,41.689254,41.5612046,open
-4500.0,5500.0,41.6937506,41.5612046,open
-4500.0,6000.0,41.6982472,41.5612046,open
-4500.0,6500.0,41.7027438,41.5612046,open
-4500.0,7000.0,41.7072404,41.5612046,open
-4500.0,7500.0,41.711737,41.5612046,open
-4500.0,8000.0,41.7162336,41.5612046,open
-4500.0,8500.0,41.7207302,41.5612046,open
-4500.0,9000.0,41.7252268,41.5612046,open
-4500.0,9500.0,41.7297235,41.5612046,open
-4500.0,10000.0,41.7342201,41.5612046,open
-4500.0,10500.0,41.7387167,41.5612046,open
-4500.0,11000.0,41.7432133,41.5612046,open
-4500.0,11500.0,41.7477099,41.5612046,open
-4500.0,12000.0,41.7522065,41.5612046,open
-4500.0,12500.0,41.7567031,41.5612046,open
-4500.0,13000.0,41.7611997,41.5612046,open
-4500.0,13500.0,41.7656963,41.5612046,open
-4500.0,14000.0,41.7701929,41.5612046,open
-4500.0,14500.0,41.7746895,41.5612046,open
-4500.0,15000.0,41.7791861,41.5612046,open
-4500.0,15500.0,41.7836827,41.5612046,open
-4500.0,16000.0,41.7881794,41.5612046,open
-4500.0,16500.0,41.792676,41.5612046,open
-4500.0,17000.0,41.7971726,41.5612046,open
-4500.0,17500.0,41.8016692,41.5612046,open
-4500.0,18000.0,41.8061658,41.5612046,open
-4500.0,18500.0,41.8106624,41.5612046,open
-4500.0,19000.0,41.815159,41.5612046,open
-4500.0,19500.0,41.8196556,41.5612046,open
-4000.0,-16000.0,41.5003964,41.5672219,urban
-4000.0,-15500.0,41.5048931,41.5672219,open
-4000.0,-15000.0,41.5093897,41.5672219,open
-4000.0,-14500.0,41.5138863,41.5672219,open
-4000.0,-14000.0,41.5183829,41.5672219,open
-4000.0,-13500.0,41.5228795,41.5672219,open
-4000.0,-13000.0,41.5273761,41.5672219,open
-4000.0,-12500.0,41.5318727,41.5672219,open
-4000.0,-12000.0,41.5363693,41.5672219,open
-4000.0,-11500.0,41.5408659,41.5672219,urban
-4000.0,-11000.0,41.5453625,41.5672219,urban
-4000.0,-10500.0,41.5498591,41.5672219,urban
-4000.0,-10000.0,41.5543557,41.5672219,urban
-4000.0,-9500.0,41.5588523,41.5672219,urban
-4000.0,-9000.0,41.563349,41.5672219,urban
-4000.0,-8500.0,41.5678456,41.5672219,urban
-4000.0,-8000.0,41.5723422,41.5672219,urban
-4000.0,-7500.0,41.5768388,41.5672219,urban
-4000.0,-7000.0,41.5813354,41.5672219,open
-4000.0,-6500.0,41.585832,41.5672219,open
-4000.0,-6000.0,41.5903286,41.5672219,open
-4000.0,-5500.0,41.5948252,41.5672219,open
-4000.0,-5000.0,41.5993218,41.5672219,open
-4000.0,-4500.0,41.6038184,41.5672219,open
-4000.0,-4000.0,41.608315,41.5672219,open
-4000.0,-3500.0,41.6128116,41.5672219,open
-4000.0,-3000.0,41.6173083,41.5672219,open
-4000.0,-2500.0,41.6218049,41.5672219,open
-4000.0,-2000.0,41.6263015,41.5672219,open
-4000.0,-1500.0,41.6307981,41.5672219,open
-4000.0,-1000.0,41.6352947,41.5672219,open
-4000.0,-500.0,41.6397913,41.5672219,open
-4000.0,0.0,41.6442879,41.5672219,open
-4000.0,500.0,41.6487845,41.5672219,open
-4000.0,1000.0,41.6532811,41.5672219,open
-4000.0,1500.0,41.6577777,41.5672219,open
-4000.0,2000.0,41.6622743,41.5672219,open
-4000.0,2500.0,41.6667709,41.5672219,open
-4000.0,3000.0,41.6712675,41.5672219,open
-4000.0,3500.0,41.6757642,41.5672219,open
-4000.0,4000.0,41.6802608,41.5672219,open
-4000.0,4500.0,41.6847574,41.5672219,open
-4000.0,5000.0,41.689254,41.5672219,open
-4000.0,5500.0,41.6937506,41.5672219,open
-4000.0,6000.0,41.6982472,41.5672219,open
-4000.0,6500.0,41.7027438,41.5672219,open
-4000.0,7000.0,41.7072404,41.5672219,open
-4000.0,7500.0,41.711737,41.5672219,open
-4000.0,8000.0,41.7162336,41.5672219,open
-4000.0,8500.0,41.7207302,41.5672219,open
-4000.0,9000.0,41.7252268,41.5672219,open
-4000.0,9500.0,41.7297235,41.5672219,open
-4000.0,10000.0,41.7342201,41.5672219,open
-4000.0,10500.0,41.7387167,41.5672219,open
-4000.0,11000.0,41.7432133,41.5672219,open
-4000.0,11500.0,41.7477099,41.5672219,open
-4000.0,12000.0,41.7522065,41.5672219,open
-4000.0,12500.0,41.7567031,41.5672219,open
-4000.0,13000.0,41.7611997,41.5672219,open
-4000.0,13500.0,41.7656963,41.5672219,open
-4000.0,14000.0,41.7701929,41.5672219,open
-4000.0,14500.0,41.7746895,41.5672219,open
-4000.0,15000.0,41.7791861,41.5672219,open
-4000.0,15500.0,41.7836827,41.5672219,open
-4000.0,16000.0,41.7881794,41.5672219,open
-4000.0,16500.0,41.792676,41.5672219,open
-4000.0,17000.0,41.7971726,41.5672219,open
-4000.0,17500.0,41.8016692,41.5672219,open
-4000.0,18000.0,41.8061658,41.5672219,open
-4000.0,18500.0,41.8106624,41.5672219,open
-4000.0,19000.0,41.815159,41.5672219,open
-4000.0,19500.0,41.8196556,41.5672219,open
-3500.0,-16000.0,41.5003964,41.5732392,open
-3500.0,-15500.0,41.5048931,41.5732392,open
-3500.0,-15000.0,41.5093897,41.5732392,open
-3500.0,-14500.0,41.5138863,41.5732392,open
-3500.0,-14000.0,41.5183829,41.5732392,urban
-3500.0,-13500.0,41.5228795,41.5732392,urban
-3500.0,-13000.0,41.5273761,41.5732392,urban
-3500.0,-12500.0,41.5318727,41.5732392,open
-3500.0,-12000.0,41.5363693,41.5732392,open
-3500.0,-11500.0,41.5408659,41.5732392,open
-3500.0,-11000.0,41.5453625,41.5732392,open
-3500.0,-10500.0,41.5498591,41.5732392,open
-3500.0,-10000.0,41.5543557,41.5732392,urban
-3500.0,-9500.0,41.5588523,41.5732392,urban
-3500.0,-9000.0,41.563349,41.5732392,urban
-3500.0,-8500.0,41.5678456,41.5732392,urban
-3500.0,-8000.0,41.5723422,41.5732392,urban
-3500.0,-7500.0,41.5768388,41.5732392,urban
-3500.0,-7000.0,41.5813354,41.5732392,urban
-3500.0,-6500.0,41.585832,41.5732392,open
-3500.0,-6000.0,41.5903286,41.5732392,open
-3500.0,-5500.0,41.5948252,41.5732392,open
-3500.0,-5000.0,41.5993218,41.5732392,open
-3500.0,-4500.0,41.6038184,41.5732392,open
-3500.0,-4000.0,41.608315,41.5732392,open
-3500.0,-3500.0,41.6128116,41.5732392,open
-3500.0,-3000.0,41.6173083,41.5732392,open
-3500.0,-2500.0,41.6218049,41.5732392,open
-3500.0,-2000.0,41.6263015,41.5732392,open
-3500.0,-1500.0,41.6307981,41.5732392,open
-3500.0,-1000.0,41.6352947,41.5732392,open
-3500.0,-500.0,41.6397913,41.5732392,open
-3500.0,0.0,41.6442879,41.5732392,open
-3500.0,500.0,41.6487845,41.5732392,open
-3500.0,1000.0,41.6532811,41.5732392,open
-3500.0,1500.0,41.6577777,41.5732392,open
-3500.0,2000.0,41.6622743,41.5732392,open
-3500.0,2500.0,41.6667709,41.5732392,open
-3500.0,3000.0,41.6712675,41.5732392,open
-3500.0,3500.0,41.6757642,41.5732392,open
-3500.0,4000.0,41.6802608,41.5732392,open
-3500.0,4500.0,41.6847574,41.5732392,open
-3500.0,5000.0,41.689254,41.5732392,open
-3500.0,5500.0,41.6937506,41.5732392,open
-3500.0,6000.0,41.6982472,41.5732392,open
-3500.0,6500.0,41.7027438,41.5732392,open
-3500.0,7000.0,41.7072404,41.5732392,open
-3500.0,7500.0,41.711737,41.5732392,open
-3500.0,8000.0,41.7162336,41.5732392,open
-3500.0,8500.0,41.7207302,41.5732392,open
-3500.0,9000.0,41.7252268,41.5732392,open
-3500.0,9500.0,41.7297235,41.5732392,open
-3500.0,10000.0,41.7342201,41.5732392,open
-3500.0,10500.0,41.7387167,41.5732392,open
-3500.0,11000.0,41.7432133,41.5732392,open
-3500.0,11500.0,41.7477099,41.5732392,open
-3500.0,12000.0,41.7522065,41.5732392,open
-3500.0,12500.0,41.7567031,41.5732392,open
-3500.0,13000.0,41.7611997,41.5732392,open
-3500.0,13500.0,41.7656963,41.5732392,open
-3500.0,14000.0,41.7701929,41.5732392,open
-3500.0,14500.0,41.7746895,41.5732392,open
-3500.0,15000.0,41.7791861,41.5732392,open
-3500.0,15500.0,41.7836827,41.5732392,open
-3500.0,16000.0,41.7881794,41.5732392,open
-3500.0,16500.0,41.792676,41.5732392,open
-3500.0,17000.0,41.7971726,41.5732392,open
-3500.0,17500.0,41.8016692,41.5732392,open
-3500.0,18000.0,41.8061658,41.5732392,open
-3500.0,18500.0,41.8106624,41.5732392,open
-3500.0,19000.0,41.815159,41.5732392,open
-3500.0,19500.0,41.8196556,41.5732392,open
-3000.0,-16000.0,41.5003964,41.5792564,open
-3000.0,-15500.0,41.5048931,41.5792564,open
-3000.0,-15000.0,41.5093897,41.5792564,open
-3000.0,-14500.0,41.5138863,41.5792564,open
-3000.0,-14000.0,41.5183829,41.5792564,open
-3000.0,-13500.0,41.5228795,41.5792564,open
-3000.0,-13000.0,41.5273761,41.5792564,open
-3000.0,-12500.0,41.5318727,41.5792564,open
-3000.0,-12000.0,41.5363693,41.5792564,open
-3000.0,-11500.0,41.5408659,41.5792564,open
-3000.0,-11000.0,41.5453625,41.5792564,open
-3000.0,-10500.0,41.5498591,41.5792564,urban
-3000.0,-10000.0,41.5543557,41.5792564,urban
-3000.0,-9500.0,41.5588523,41.5792564,urban
-3000.0,-9000.0,41.563349,41.5792564,urban
-3000.0,-8500.0,41.5678456,41.5792564,urban
-3000.0,-8000.0,41.5723422,41.5792564,urban
-3000.0,-7500.0,41.5768388,41.5792564,urban
-3000.0,-7000.0,41.5813354,41.5792564,urban
-3000.0,-6500.0,41.585832,41.5792564,open
-3000.0,-6000.0,41.5903286,41.5792564,urban
-3000.0,-5500.0,41.5948252,41.5792564,open
-3000.0,-5000.0,41.5993218,41.5792564,open
-3000.0,-4500.0,41.6038184,41.5792564,urban
-3000.0,-4000.0,41.608315,41.5792564,open
-3000.0,-3500.0,41.6128116,41.5792564,open
-3000.0,-3000.0,41.6173083,41.5792564,open
-3000.0,-2500.0,41.6218049,41.5792564,open
-3000.0,-2000.0,41.6263015,41.5792564,open
-3000.0,-1500.0,41.6307981,41.5792564,open
-3000.0,-1000.0,41.6352947,41.5792564,open
-3000.0,-500.0,41.6397913,41.5792564,open
-3000.0,0.0,41.6442879,41.5792564,open
-3000.0,500.0,41.6487845,41.5792564,open
-3000.0,1000.0,41.6532811,41.5792564,open
-3000.0,1500.0,41.6577777,41.5792564,open
-3000.0,2000.0,41.6622743,41.5792564,open
-3000.0,2500.0,41.6667709,41.5792564,open
-3000.0,3000.0,41.6712675,41.5792564,open
-3000.0,3500.0,41.6757642,41.5792564,open
-3000.0,4000.0,41.6802608,41.5792564,open
-3000.0,4500.0,41.6847574,41.5792564,open
-3000.0,5000.0,41.689254,41.5792564,open
-3000.0,5500.0,41.6937506,41.5792564,open
-3000.0,6000.0,41.6982472,41.5792564,open
-3000.0,6500.0,41.7027438,41.5792564,open
-3000.0,7000.0,41.7072404,41.5792564,open
-3000.0,7500.0,41.711737,41.5792564,open
-3000.0,8000.0,41.7162336,41.5792564,open
-3000.0,8500.0,41.7207302,41.5792564,open
-3000.0,9000.0,41.7252268,41.5792564,open
-3000.0,9500.0,41.7297235,41.5792564,open
-3000.0,10000.0,41.7342201,41.5792564,open
-3000.0,10500.0,41.7387167,41.5792564,open
-3000.0,11000.0,41.7432133,41.5792564,open
-3000.0,11500.0,41.7477099,41.5792564,open
-3000.0,12000.0,41.7522065,41.5792564,open
-3000.0,12500.0,41.7567031,41.5792564,open
-3000.0,13000.0,41.7611997,41.5792564,open
-3000.0,13500.0,41.7656963,41.5792564,open
-3000.0,14000.0,41.7701929,41.5792564,open
-3000.0,14500.0,41.7746895,41.5792564,open
-3000.0,15000.0,41.7791861,41.5792564,open
-3000.0,15500.0,41.7836827,41.5792564,open
-3000.0,16000.0,41.7881794,41.5792564,open
-3000.0,16500.0,41.792676,41.5792564,open
-3000.0,17000.0,41.7971726,41.5792564,open
-3000.0,17500.0,41.8016692,41.5792564,open
-3000.0,18000.0,41.8061658,41.5792564,open
-3000.0,18500.0,41.8106624,41.5792564,open
-3000.0,19000.0,41.815159,41.5792564,open
-3000.0,19500.0,41.8196556,41.5792564,open
-2500.0,-16000.0,41.5003964,41.5852737,open
-2500.0,-15500.0,41.5048931,41.5852737,open
-2500.0,-15000.0,41.5093897,41.5852737,open
-2500.0,-14500.0,41.5138863,41.5852737,open
-2500.0,-14000.0,41.5183829,41.5852737,open
-2500.0,-13500.0,41.5228795,41.5852737,open
-2500.0,-13000.0,41.5273761,41.5852737,open
-2500.0,-12500.0,41.5318727,41.5852737,open
-2500.0,-12000.0,41.5363693,41.5852737,open
-2500.0,-11500.0,41.5408659,41.5852737,open
-2500.0,-11000.0,41.5453625,41.5852737,open
-2500.0,-10500.0,41.5498591,41.5852737,urban
-2500.0,-10000.0,41.5543557,41.5852737,urban
-2500.0,-9500.0,41.5588523,41.5852737,open
-2500.0,-9000.0,41.563349,41.5852737,urban
-2500.0,-8500.0,41.5678456,41.5852737,urban
-2500.0,-8000.0,41.5723422,41.5852737,urban
-2500.0,-7500.0,41.5768388,41.5852737,urban
-2500.0,-7000.0,41.5813354,41.5852737,urban
-2500.0,-6500.0,41.585832,41.5852737,urban
-2500.0,-6000.0,41.5903286,41.5852737,urban
-2500.0,-5500.0,41.5948252,41.5852737,open
-2500.0,-5000.0,41.5993218,41.5852737,urban
-2500.0,-4500.0,41.6038184,41.5852737,urban
-2500.0,-4000.0,41.608315,41.5852737,urban
-2500.0,-3500.0,41.6128116,41.5852737,urban
-2500.0,-3000.0,41.6173083,41.5852737,urban
-2500.0,-2500.0,41.6218049,41.5852737,open
-2500.0,-2000.0,41.6263015,41.5852737,open
-2500.0,-1500.0,41.6307981,41.5852737,open
-2500.0,-1000.0,41.6352947,41.5852737,open
-2500.0,-500.0,41.6397913,41.5852737,open
-2500.0,0.0,41.6442879,41.5852737,open
-2500.0,500.0,41.6487845,41.5852737,open
-2500.0,1000.0,41.6532811,41.5852737,open
-2500.0,1500.0,41.6577777,41.5852737,open
-2500.0,2000.0,41.6622743,41.5852737,open
-2500.0,2500.0,41.6667709,41.5852737,open
-2500.0,3000.0,41.6712675,41.5852737,open
-2500.0,3500.0,41.6757642,41.5852737,open
-2500.0,4000.0,41.6802608,41.5852737,open
-2500.0,4500.0,41.6847574,41.5852737,open
-2500.0,5000.0,41.689254,41.5852737,open
-2500.0,5500.0,41.6937506,41.5852737,open
-2500.0,6000.0,41.6982472,41.5852737,open
-2500.0,6500.0,41.7027438,41.5852737,open
-2500.0,7000.0,41.7072404,41.5852737,open
-2500.0,7500.0,41.711737,41.5852737,open
-2500.0,8000.0,41.7162336,41.5852737,open
-2500.0,8500.0,41.7207302,41.5852737,open
-2500.0,9000.0,41.7252268,41.5852737,open
-2500.0,9500.0,41.7297235,41.5852737,open
-2500.0,10000.0,41.7342201,41.5852737,open
-2500.0,10500.0,41.7387167,41.5852737,open
-2500.0,11000.0,41.7432133,41.5852737,open
-2500.0,11500.0,41.7477099,41.5852737,open
-2500.0,12000.0,41.7522065,41.5852737,open
-2500.0,12500.0,41.7567031,41.5852737,open
-2500.0,13000.0,41.7611997,41.5852737,open
-2500.0,13500.0,41.7656963,41.5852737,open
-2500.0,14000.0,41.7701929,41.5852737,open
-2500.0,14500.0,41.7746895,41.5852737,open
-2500.0,15000.0,41.7791861,41.5852737,open
-2500.0,15500.0,41.7836827,41.5852737,open
-2500.0,16000.0,41.7881794,41.5852737,open
-2500.0,16500.0,41.792676,41.5852737,open
-2500.0,17000.0,41.7971726,41.5852737,open
-2500.0,17500.0,41.8016692,41.5852737,open
-2500.0,18000.0,41.8061658,41.5852737,open
-2500.0,18500.0,41.8106624,41.5852737,open
-2500.0,19000.0,41.815159,41.5852737,open
-2500.0,19500.0,41.8196556,41.5852737,open
-2000.0,-16000.0,41.5003964,41.591291,open
-2000.0,-15500.0,41.5048931,41.591291,open
-2000.0,-15000.0,41.5093897,41.591291,open
-2000.0,-14500.0,41.5138863,41.591291,open
-2000.0,-14000.0,41.5183829,41.591291,open
-2000.0,-13500.0,41.5228795,41.591291,open
-2000.0,-13000.0,41.5273761,41.591291,open
-2000.0,-12500.0,41.5318727,41.591291,open
-2000.0,-12000.0,41.5363693,41.591291,open
-2000.0,-11500.0,41.5408659,41.591291,open
-2000.0,-11000.0,41.5453625,41.591291,open
-2000.0,-10500.0,41.5498591,41.591291,open
-2000.0,-10000.0,41.5543557,41.591291,urban
-2000.0,-9500.0,41.5588523,41.591291,urban
-2000.0,-9000.0,41.563349,41.591291,urban
-2000.0,-8500.0,41.5678456,41.591291,urban
-2000.0,-8000.0,41.5723422,41.591291,urban
-2000.0,-7500.0,41.5768388,41.591291,urban
-2000.0,-7000.0,41.5813354,41.591291,urban
-2000.0,-6500.0,41.585832,41.591291,urban
-2000.0,-6000.0,41.5903286,41.591291,urban
-2000.0,-5500.0,41.5948252,41.591291,open
-2000.0,-5000.0,41.5993218,41.591291,open
-2000.0,-4500.0,41.6038184,41.591291,urban
-2000.0,-4000.0,41.608315,41.591291,open
-2000.0,-3500.0,41.6128116,41.591291,urban
-2000.0,-3000.0,41.6173083,41.591291,urban
-2000.0,-2500.0,41.6218049,41.591291,urban
-2000.0,-2000.0,41.6263015,41.591291,open
-2000.0,-1500.0,41.6307981,41.591291,open
-2000.0,-1000.0,41.6352947,41.591291,open
-2000.0,-500.0,41.6397913,41.591291,open
-2000.0,0.0,41.6442879,41.591291,open
-2000.0,500.0,41.6487845,41.591291,open
-2000.0,1000.0,41.6532811,41.591291,open
-2000.0,1500.0,41.6577777,41.591291,open
-2000.0,2000.0,41.6622743,41.591291,open
-2000.0,2500.0,41.6667709,41.591291,open
-2000.0,3000.0,41.6712675,41.591291,open
-2000.0,3500.0,41.6757642,41.591291,open
-2000.0,4000.0,41.6802608,41.591291,open
-2000.0,4500.0,41.6847574,41.591291,open
-2000.0,5000.0,41.689254,41.591291,open
-2000.0,5500.0,41.6937506,41.591291,open
-2000.0,6000.0,41.6982472,41.591291,open
-2000.0,6500.0,41.7027438,41.591291,open
-2000.0,7000.0,41.7072404,41.591291,open
-2000.0,7500.0,41.711737,41.591291,open
-2000.0,8000.0,41.7162336,41.591291,open
-2000.0,8500.0,41.7207302,41.591291,open
-2000.0,9000.0,41.7252268,41.591291,open
-2000.0,9500.0,41.7297235,41.591291,open
-2000.0,10000.0,41.7342201,41.591291,open
-2000.0,10500.0,41.7387167,41.591291,open
-2000.0,11000.0,41.7432133,41.591291,open
-2000.0,11500.0,41.7477099,41.591291,open
-2000.0,12000.0,41.7522065,41.591291,open
-2000.0,12500.0,41.7567031,41.591291,open
-2000.0,13000.0,41.7611997,41.591291,open
-2000.0,13500.0,41.7656963,41.591291,open
-2000.0,14000.0,41.7701929,41.591291,open
-2000.0,14500.0,41.7746895,41.591291,open
-2000.0,15000.0,41.7791861,41.591291,open
-2000.0,15500.0,41.7836827,41.591291,open
-2000.0,16000.0,41.7881794,41.591291,open
-2000.0,16500.0,41.792676,41.591291,open
-2000.0,17000.0,41.7971726,41.591291,open
-2000.0,17500.0,41.8016692,41.591291,open
-2000.0,18000.0,41.8061658,41.591291,open
-2000.0,18500.0,41.8106624,41.591291,open
-2000.0,19000.0,41.815159,41.591291,open
-2000.0,19500.0,41.8196556,41.591291,open
-1500.0,-16000.0,41.5003964,41.5973082,open
-1500.0,-15500.0,41.5048931,41.5973082,open
-1500.0,-15000.0,41.5093897,41.5973082,open
-1500.0,-14500.0,41.5138863,41.5973082,open
-1500.0,-14000.0,41.5183829,41.5973082,open
-1500.0,-13500.0,41.5228795,41.5973082,open
-1500.0,-13000.0,41.5273761,41.5973082,open
-1500.0,-12500.0,41.5318727,41.5973082,open
-1500.0,-12000.0,41.5363693,41.5973082,open
-1500.0,-11500.0,41.5408659,41.5973082,open
-1500.0,-11000.0,41.5453625,41.5973082,open
-1500.0,-10500.0,41.5498591,41.5973082,open
-1500.0,-10000.0,41.5543557,41.5973082,open
-1500.0,-9500.0,41.5588523,41.5973082,open
-1500.0,-9000.0,41.563349,41.5973082,urban
-1500.0,-8500.0,41.5678456,41.5973082,urban
-1500.0,-8000.0,41.5723422,41.5973082,urban
-1500.0,-7500.0,41.5768388,41.5973082,urban
-1500.0,-7000.0,41.5813354,41.5973082,urban
-1500.0,-6500.0,41.585832,41.5973082,urban
-1500.0,-6000.0,41.5903286,41.5973082,urban
-1500.0,-5500.0,41.5948252,41.5973082,urban
-1500.0,-5000.0,41.5993218,41.5973082,urban
-1500.0,-4500.0,41.6038184,41.5973082,open
-1500.0,-4000.0,41.608315,41.5973082,urban
-1500.0,-3500.0,41.6128116,41.5973082,urban
-1500.0,-3000.0,41.6173083,41.5973082,urban
-1500.0,-2500.0,41.6218049,41.5973082,urban
-1500.0,-2000.0,41.6263015,41.5973082,urban
-1500.0,-1500.0,41.6307981,41.5973082,urban
-1500.0,-1000.0,41.6352947,41.5973082,open
-1500.0,-500.0,41.6397913,41.5973082,open
-1500.0,0.0,41.6442879,41.5973082,open
-1500.0,500.0,41.6487845,41.5973082,open
-1500.0,1000.0,41.6532811,41.5973082,open
-1500.0,1500.0,41.6577777,41.5973082,open
-1500.0,2000.0,41.6622743,41.5973082,open
-1500.0,2500.0,41.6667709,41.5973082,open
-1500.0,3000.0,41.6712675,41.5973082,open
-1500.0,3500.0,41.6757642,41.5973082,open
-1500.0,4000.0,41.6802608,41.5973082,open
-1500.0,4500.0,41.6847574,41.5973082,open
-1500.0,5000.0,41.689254,41.5973082,open
-1500.0,5500.0,41.6937506,41.5973082,open
-1500.0,6000.0,41.6982472,41.5973082,open
-1500.0,6500.0,41.7027438,41.5973082,open
-1500.0,7000.0,41.7072404,41.5973082,open
-1500.0,7500.0,41.711737,41.5973082,open
-1500.0,8000.0,41.7162336,41.5973082,open
-1500.0,8500.0,41.7207302,41.5973082,open
-1500.0,9000.0,41.7252268,41.5973082,open
-1500.0,9500.0,41.7297235,41.5973082,open
-1500.0,10000.0,41.7342201,41.5973082,open
-1500.0,10500.0,41.7387167,41.5973082,open
-1500.0,11000.0,41.7432133,41.5973082,open
-1500.0,11500.0,41.7477099,41.5973082,open
-1500.0,12000.0,41.7522065,41.5973082,open
-1500.0,12500.0,41.7567031,41.5973082,open
-1500.0,13000.0,41.7611997,41.5973082,open
-1500.0,13500.0,41.7656963,41.5973082,open
-1500.0,14000.0,41.7701929,41.5973082,open
-1500.0,14500.0,41.7746895,41.5973082,open
-1500.0,15000.0,41.7791861,41.5973082,open
-1500.0,15500.0,41.7836827,41.5973082,open
-1500.0,16000.0,41.7881794,41.5973082,open
-1500.0,16500.0,41.792676,41.5973082,open
-1500.0,17000.0,41.7971726,41.5973082,open
-1500.0,17500.0,41.8016692,41.5973082,open
-1500.0,18000.0,41.8061658,41.5973082,open
-1500.0,18500.0,41.8106624,41.5973082,open
-1500.0,19000.0,41.815159,41.5973082,open
-1500.0,19500.0,41.8196556,41.5973082,open
-1000.0,-16000.0,41.5003964,41.6033255,open
-1000.0,-15500.0,41.5048931,41.6033255,open
-1000.0,-15000.0,41.5093897,41.6033255,open
-1000.0,-14500.0,41.5138863,41.6033255,open
-1000.0,-14000.0,41.5183829,41.6033255,open
-1000.0,-13500.0,41.5228795,41.6033255,open
-1000.0,-13000.0,41.5273761,41.6033255,open
-1000.0,-12500.0,41.5318727,41.6033255,open
-1000.0,-12000.0,41.5363693,41.6033255,open
-1000.0,-11500.0,41.5408659,41.6033255,open
-1000.0,-11000.0,41.5453625,41.6033255,open
-1000.0,-10500.0,41.5498591,41.6033255,open
-1000.0,-10000.0,41.5543557,41.6033255,open
-1000.0,-9500.0,41.5588523,41.6033255,urban
-1000.0,-9000.0,41.563349,41.6033255,urban
-1000.0,-8500.0,41.5678456,41.6033255,urban
-1000.0,-8000.0,41.5723422,41.6033255,urban
-1000.0,-7500.0,41.5768388,41.6033255,urban
-1000.0,-7000.0,41.5813354,41.6033255,urban
-1000.0,-6500.0,41.585832,41.6033255,urban
-1000.0,-6000.0,41.5903286,41.6033255,urban
-1000.0,-5500.0,41.5948252,41.6033255,urban
-1000.0,-5000.0,41.5993218,41.6033255,urban
-1000.0,-4500.0,41.6038184,41.6033255,open
-1000.0,-4000.0,41.608315,41.6033255,urban
-1000.0,-3500.0,41.6128116,41.6033255,urban
-1000.0,-3000.0,41.6173083,41.6033255,urban
-1000.0,-2500.0,41.6218049,41.6033255,urban
-1000.0,-2000.0,41.6263015,41.6033255,urban
-1000.0,-1500.0,41.6307981,41.6033255,urban
-1000.0,-1000.0,41.6352947,41.6033255,urban
-1000.0,-500.0,41.6397913,41.6033255,open
-1000.0,0.0,41.6442879,41.6033255,open
-1000.0,500.0,41.6487845,41.6033255,open
-1000.0,1000.0,41.6532811,41.6033255,open
-1000.0,1500.0,41.6577777,41.6033255,open
-1000.0,2000.0,41.6622743,41.6033255,open
-1000.0,2500.0,41.6667709,41.6033255,open
-1000.0,3000.0,41.6712675,41.6033255,open
-1000.0,3500.0,41.6757642,41.6033255,open
-1000.0,4000.0,41.6802608,41.6033255,open
-1000.0,4500.0,41.6847574,41.6033255,open
-1000.0,5000.0,41.689254,41.6033255,open
-1000.0,5500.0,41.6937506,41.6033255,open
-1000.0,6000.0,41.6982472,41.6033255,open
-1000.0,6500.0,41.7027438,41.6033255,open
-1000.0,7000.0,41.7072404,41.6033255,open
-1000.0,7500.0,41.711737,41.6033255,open
-1000.0,8000.0,41.7162336,41.6033255,open
-1000.0,8500.0,41.7207302,41.6033255,open
-1000.0,9000.0,41.7252268,41.6033255,open
-1000.0,9500.0,41.7297235,41.6033255,open
-1000.0,10000.0,41.7342201,41.6033255,open
-1000.0,10500.0,41.7387167,41.6033255,open
-1000.0,11000.0,41.7432133,41.6033255,open
-1000.0,11500.0,41.7477099,41.6033255,open
-1000.0,12000.0,41.7522065,41.6033255,open
-1000.0,12500.0,41.7567031,41.6033255,open
-1000.0,13000.0,41.7611997,41.6033255,open
-1000.0,13500.0,41.7656963,41.6033255,open
-1000.0,14000.0,41.7701929,41.6033255,open
-1000.0,14500.0,41.7746895,41.6033255,open
-1000.0,15000.0,41.7791861,41.6033255,open
-1000.0,15500.0,41.7836827,41.6033255,open
-1000.0,16000.0,41.7881794,41.6033255,open
-1000.0,16500.0,41.792676,41.6033255,open
-1000.0,17000.0,41.7971726,41.6033255,open
-1000.0,17500.0,41.8016692,41.6033255,open
-1000.0,18000.0,41.8061658,41.6033255,open
-1000.0,18500.0,41.8106624,41.6033255,open
-1000.0,19000.0,41.815159,41.6033255,open
-1000.0,19500.0,41.8196556,41.6033255,open
-500.0,-16000.0,41.5003964,41.6093427,open
-500.0,-15500.0,41.5048931,41.6093427,open
-500.0,-15000.0,41.5093897,41.6093427,open
-500.0,-14500.0,41.5138863,41.6093427,open
-500.0,-14000.0,41.5183829,41.6093427,open
-500.0,-13500.0,41.5228795,41.6093427,open
-500.0,-13000.0,41.5273761,41.6093427,open
-500.0,-12500.0,41.5318727,41.6093427,open
-500.0,-12000.0,41.5363693,41.6093427,open
-500.0,-11500.0,41.5408659,41.6093427,open
-500.0,-11000.0,41.5453625,41.6093427,open
-500.0,-10500.0,41.5498591,41.6093427,open
-500.0,-10000.0,41.5543557,41.6093427,urban
-500.0,-9500.0,41.5588523,41.6093427,urban
-500.0,-9000.0,41.563349,41.6093427,urban
-500.0,-8500.0,41.5678456,41.6093427,urban
-500.0,-8000.0,41.5723422,41.6093427,urban
-500.0,-7500.0,41.5768388,41.6093427,urban
-500.0,-7000.0,41.5813354,41.6093427,urban
-500.0,-6500.0,41.585832,41.6093427,urban
-500.0,-6000.0,41.5903286,41.6093427,open
-500.0,-5500.0,41.5948252,41.6093427,urban
-500.0,-5000.0,41.5993218,41.6093427,urban
-500.0,-4500.0,41.6038184,41.6093427,urban
-500.0,-4000.0,41.608315,41.6093427,urban
-500.0,-3500.0,41.6128116,41.6093427,urban
-500.0,-3000.0,41.6173083,41.6093427,urban
-500.0,-2500.0,41.6218049,41.6093427,urban
-500.0,-2000.0,41.6263015,41.6093427,urban
-500.0,-1500.0,41.6307981,41.6093427,urban
-500.0,-1000.0,41.6352947,41.6093427,urban
-500.0,-500.0,41.6397913,41.6093427,urban
-500.0,0.0,41.6442879,41.6093427,open
-500.0,500.0,41.6487845,41.6093427,open
-500.0,1000.0,41.6532811,41.6093427,open
-500.0,1500.0,41.6577777,41.6093427,open
-500.0,2000.0,41.6622743,41.6093427,open
-500.0,2500.0,41.6667709,41.6093427,open
-500.0,3000.0,41.6712675,41.6093427,open
-500.0,3500.0,41.6757642,41.6093427,open
-500.0,4000.0,41.6802608,41.6093427,open
-500.0,4500.0,41.6847574,41.6093427,open
-500.0,5000.0,41.689254,41.6093427,open
-500.0,5500.0,41.6937506,41.6093427,open
-500.0,6000.0,41.6982472,41.6093427,open
-500.0,6500.0,41.7027438,41.6093427,open
-500.0,7000.0,41.7072404,41.6093427,open
-500.0,7500.0,41.711737,41.6093427,open
-500.0,8000.0,41.7162336,41.6093427,open
-500.0,8500.0,41.7207302,41.6093427,open
-500.0,9000.0,41.7252268,41.6093427,open
-500.0,9500.0,41.7297235,41.6093427,open
-500.0,10000.0,41.7342201,41.6093427,open
-500.0,10500.0,41.7387167,41.6093427,open
-500.0,11000.0,41.7432133,41.6093427,open
-500.0,11500.0,41.7477099,41.6093427,open
-500.0,12000.0,41.7522065,41.6093427,open
-500.0,12500.0,41.7567031,41.6093427,open
-500.0,13000.0,41.7611997,41.6093427,open
-500.0,13500.0,41.7656963,41.6093427,open
-500.0,14000.0,41.7701929,41.6093427,open
-500.0,14500.0,41.7746895,41.6093427,open
-500.0,15000.0,41.7791861,41.6093427,open
-500.0,15500.0,41.7836827,41.6093427,open
-500.0,16000.0,41.7881794,41.6093427,open
-500.0,16500.0,41.792676,41.6093427,open
-500.0,17000.0,41.7971726,41.6093427,open
-500.0,17500.0,41.8016692,41.6093427,open
-500.0,18000.0,41.8061658,41.6093427,open
-500.0,18500.0,41.8106624,41.6093427,open
-500.0,19000.0,41.815159,41.6093427,open
-500.0,19500.0,41.8196556,41.6093427,open
0.0,-16000.0,41.5003964,41.61536,open
0.0,-15500.0,41.5048931,41.61536,open
0.0,-15000.0,41.5093897,41.61536,open
0.0,-14500.0,41.5138863,41.61536,open
0.0,-14000.0,41.5183829,41.61536,open
0.0,-13500.0,41.5228795,41.61536,open
0.0,-13000.0,41.5273761,41.61536,open
0.0,-12500.0,41.5318727,41.61536,open
0.0,-12000.0,41.5363693,41.61536,open
0.0,-11500.0,41.5408659,41.61536,open
0.0,-11000.0,41.5453625,41.61536,open
0.0,-10500.0,41.5498591,41.61536,open
0.0,-10000.0,41.5543557,41.61536,open
0.0,-9500.0,41.5588523,41.61536,urban
0.0,-9000.0,41.563349,41.61536,urban
0.0,-8500.0,41.5678456,41.61536,urban
0.0,-8000.0,41.5723422,41.61536,urban
0.0,-7500.0,41.5768388,41.61536,urban
0.0,-7000.0,41.5813354,41.61536,urban
0.0,-6500.0,41.585832,41.61536,open
0.0,-6000.0,41.5903286,41.61536,urban
0.0,-5500.0,41.5948252,41.61536,urban
0.0,-5000.0,41.5993218,41.61536,urban
0.0,-4500.0,41.6038184,41.61536,urban
0.0,-4000.0,41.608315,41.61536,urban
0.0,-3500.0,41.6128116,41.61536,urban
0.0,-3000.0,41.6173083,41.61536,urban
0.0,-2500.0,41.6218049,41.61536,urban
0.0,-2000.0,41.6263015,41.61536,urban
0.0,-1500.0,41.6307981,41.61536,urban
0.0,-1000.0,41.6352947,41.61536,urban
0.0,-500.0,41.6397913,41.61536,urban
0.0,0.0,41.6442879,41.61536,urban
0.0,500.0,41.6487845,41.61536,urban
0.0,1000.0,41.6532811,41.61536,open
0.0,1500.0,41.6577777,41.61536,open
0.0,2000.0,41.6622743,41.61536,open
0.0,2500.0,41.6667709,41.61536,open
0.0,3000.0,41.6712675,41.61536,open
0.0,3500.0,41.6757642,41.61536,open
0.0,4000.0,41.6802608,41.61536,open
0.0,4500.0,41.6847574,41.61536,open
0.0,5000.0,41.689254,41.61536,open
0.0,5500.0,41.6937506,41.61536,open
0.0,6000.0,41.6982472,41.61536,open
0.0,6500.0,41.7027438,41.61536,open
0.0,7000.0,41.7072404,41.61536,open
0.0,7500.0,41.711737,41.61536,open
0.0,8000.0,41.7162336,41.61536,open
0.0,8500.0,41.7207302,41.61536,open
0.0,9000.0,41.7252268,41.61536,open
0.0,9500.0,41.7297235,41.61536,open
0.0,10000.0,41.7342201,41.61536,open
0.0,10500.0,41.7387167,41.61536,open
0.0,11000.0,41.7432133,41.61536,open
0.0,11500.0,41.7477099,41.61536,open
0.0,12000.0,41.7522065,41.61536,open
0.0,12500.0,41.7567031,41.61536,open
0.0,13000.0,41.7611997,41.61536,open
0.0,13500.0,41.7656963,41.61536,open
0.0,14000.0,41.7701929,41.61536,open
0.0,14500.0,41.7746895,41.61536,open
0.0,15000.0,41.7791861,41.61536,open
0.0,15500.0,41.7836827,41.61536,open
0.0,16000.0,41.7881794,41.61536,open
0.0,16500.0,41.792676,41.61536,open
0.0,17000.0,41.7971726,41.61536,open
0.0,17500.0,41.8016692,41.61536,open
0.0,18000.0,41.8061658,41.61536,open
0.0,18500.0,41.8106624,41.61536,open
0.0,19000.0,41.815159,41.61536,open
0.0,19500.0,41.8196556,41.61536,open
500.0,-16000.0,41.5003964,41.6213773,open
500.0,-15500.0,41.5048931,41.6213773,open
500.0,-15000.0,41.5093897,41.6213773,open
500.0,-14500.0,41.5138863,41.6213773,open
500.0,-14000.0,41.5183829,41.6213773,open
500.0,-13500.0,41.5228795,41.6213773,open
500.0,-13000.0,41.5273761,41.6213773,open
500.0,-12500.0,41.5318727,41.6213773,open
500.0,-12000.0,41.5363693,41.6213773,open
500.0,-11500.0,41.5408659,41.6213773,open
500.0,-11000.0,41.5453625,41.6213773,open
500.0,-10500.0,41.5498591,41.6213773,open
500.0,-10000.0,41.5543557,41.6213773,open
500.0,-9500.0,41.5588523,41.6213773,urban
500.0,-9000.0,41.563349,41.6213773,urban
500.0,-8500.0,41.5678456,41.6213773,urban
500.0,-8000.0,41.5723422,41.6213773,urban
500.0,-7500.0,41.5768388,41.6213773,urban
500.0,-7000.0,41.5813354,41.6213773,urban
500.0,-6500.0,41.585832,41.6213773,open
500.0,-6000.0,41.5903286,41.6213773,urban
500.0,-5500.0,41.5948252,41.6213773,urban
500.0,-5000.0,41.5993218,41.6213773,urban
500.0,-4500.0,41.6038184,41.6213773,urban
500.0,-4000.0,41.608315,41.6213773,urban
500.0,-3500.0,41.6128116,41.6213773,urban
500.0,-3000.0,41.6173083,41.6213773,urban
500.0,-2500.0,41.6218049,41.6213773,urban
500.0,-2000.0,41.6263015,41.6213773,urban
500.0,-1500.0,41.6307981,41.6213773,urban
500.0,-1000.0,41.6352947,41.6213773,urban
500.0,-500.0,41.6397913,41.6213773,urban
500.0,0.0,41.6442879,41.6213773,urban
500.0,500.0,41.6487845,41.6213773,urban
500.0,1000.0,41.6532811,41.6213773,open
500.0,1500.0,41.6577777,41.6213773,open
500.0,2000.0,41.6622743,41.6213773,open
500.0,2500.0,41.6667709,41.6213773,open
500.0,3000.0,41.6712675,41.6213773,open
500.0,3500.0,41.6757642,41.6213773,open
500.0,4000.0,41.6802608,41.6213773,open
500.0,4500.0,41.6847574,41.6213773,open
500.0,5000.0,41.689254,41.6213773,open
500.0,5500.0,41.6937506,41.6213773,open
500.0,6000.0,41.6982472,41.6213773,open
500.0,6500.0,41.7027438,41.6213773,open
500.0,7000.0,41.7072404,41.6213773,open
500.0,7500.0,41.711737,41.6213773,open
500.0,8000.0,41.7162336,41.6213773,open
500.0,8500.0,41.7207302,41.6213773,open
500.0,9000.0,41.7252268,41.6213773,open
500.0,9500.0,41.7297235,41.6213773,open
500.0,10000.0,41.7342201,41.6213773,open
500.0,10500.0,41.7387167,41.6213773,open
500.0,11000.0,41.7432133,41.6213773,open
500.0,11500.0,41.7477099,41.6213773,open
500.0,12000.0,41.7522065,41.6213773,open
500.0,12500.0,41.7567031,41.6213773,open
500.0,13000.0,41.7611997,41.6213773,open
500.0,13500.0,41.7656963,41.6213773,open
500.0,14000.0,41.7701929,41.6213773,open
500.0,14500.0,41.7746895,41.6213773,open
500.0,15000.0,41.7791861,41.6213773,open
500.0,15500.0,41.7836827,41.6213773,open
500.0,16000.0,41.7881794,41.6213773,open
500.0,16500.0,41.792676,41.6213773,open
500.0,17000.0,41.7971726,41.6213773,open
500.0,17500.0,41.8016692,41.6213773,open
500.0,18000.0,41.8061658,41.6213773,open
500.0,18500.0,41.8106624,41.6213773,open
500.0,19000.0,41.815159,41.6213773,open
500.0,19500.0,41.8196556,41.6213773,open
1000.0,-16000.0,41.5003964,41.6273945,open
1000.0,-15500.0,41.5048931,41.6273945,open
1000.0,-15000.0,41.5093897,41.6273945,open
1000.0,-14500.0,41.5138863,41.6273945,open
1000.0,-14000.0,41.5183829,41.6273945,open
1000.0,-13500.0,41.5228795,41.6273945,open
1000.0,-13000.0,41.5273761,41.6273945,open
1000.0,-12500.0,41.5318727,41.6273945,open
1000.0,-12000.0,41.5363693,41.6273945,open
1000.0,-11500.0,41.5408659,41.6273945,open
1000.0,-11000.0,41.5453625,41.6273945,open
1000.0,-10500.0,41.5498591,41.6273945,urban
1000.0,-10000.0,41.5543557,41.6273945,open
1000.0,-9500.0,41.5588523,41.6273945,urban
1000.0,-9000.0,41.563349,41.6273945,urban
1000.0,-8500.0,41.5678456,41.6273945,urban
1000.0,-8000.0,41.5723422,41.6273945,urban
1000.0,-7500.0,41.5768388,41.6273945,urban
1000.0,-7000.0,41.5813354,41.6273945,urban
1000.0,-6500.0,41.585832,41.6273945,open
1000.0,-6000.0,41.5903286,41.6273945,urban
1000.0,-5500.0,41.5948252,41.6273945,urban
1000.0,-5000.0,41.5993218,41.6273945,urban
1000.0,-4500.0,41.6038184,41.6273945,urban
1000.0,-4000.0,41.608315,41.6273945,urban
1000.0,-3500.0,41.6128116,41.6273945,urban
1000.0,-3000.0,41.6173083,41.6273945,urban
1000.0,-2500.0,41.6218049,41.6273945,urban
1000.0,-2000.0,41.6263015,41.6273945,urban
1000.0,-1500.0,41.6307981,41.6273945,urban
1000.0,-1000.0,41.6352947,41.6273945,urban
1000.0,-500.0,41.6397913,41.6273945,urban
1000.0,0.0,41.6442879,41.6273945,urban
1000.0,500.0,41.6487845,41.6273945,urban
1000.0,1000.0,41.6532811,41.6273945,urban
1000.0,1500.0,41.6577777,41.6273945,open
1000.0,2000.0,41.6622743,41.6273945,open
1000.0,2500.0,41.6667709,41.6273945,open
1000.0,3000.0,41.6712675,41.6273945,open
1000.0,3500.0,41.6757642,41.6273945,open
1000.0,4000.0,41.6802608,41.6273945,open
1000.0,4500.0,41.6847574,41.6273945,open
1000.0,5000.0,41.689254,41.6273945,open
1000.0,5500.0,41.6937506,41.6273945,open
1000.0,6000.0,41.6982472,41.6273945,open
1000.0,6500.0,41.7027438,41.6273945,open
1000.0,7000.0,41.7072404,41.6273945,open
1000.0,7500.0,41.711737,41.6273945,open
1000.0,8000.0,41.7162336,41.6273945,open
1000.0,8500.0,41.7207302,41.6273945,open
1000.0,9000.0,41.7252268,41.6273945,open
1000.0,9500.0,41.7297235,41.6273945,open
1000.0,10000.0,41.7342201,41.6273945,open
1000.0,10500.0,41.7387167,41.6273945,open
1000.0,11000.0,41.7432133,41.6273945,open
1000.0,11500.0,41.7477099,41.6273945,open
1000.0,12000.0,41.7522065,41.6273945,open
1000.0,12500.0,41.7567031,41.6273945,open
1000.0,13000.0,41.7611997,41.6273945,open
1000.0,13500.0,41.7656963,41.6273945,open
1000.0,14000.0,41.7701929,41.6273945,open
1000.0,14500.0,41.7746895,41.6273945,open
1000.0,15000.0,41.7791861,41.6273945,open
1000.0,15500.0,41.7836827,41.6273945,open
1000.0,16000.0,41.7881794,41.6273945,open
1000.0,16500.0,41.792676,41.6273945,open
1000.0,17000.0,41.7971726,41.6273945,open
1000.0,17500.0,41.8016692,41.6273945,open
1000.0,18000.0,41.8061658,41.6273945,open
1000.0,18500.0,41.8106624,41.6273945,open
1000.0,19000.0,41.815159,41.6273945,open
1000.0,19500.0,41.8196556,41.6273945,open
1500.0,-16000.0,41.5003964,41.6334118,open
1500.0,-15500.0,41.5048931,41.6334118,open
1500.0,-15000.0,41.5093897,41.6334118,open
1500.0,-14500.0,41.5138863,41.6334118,open
1500.0,-14000.0,41.5183829,41.6334118,open
1500.0,-13500.0,41.5228795,41.6334118,open
1500.0,-13000.0,41.5273761,41.6334118,open
1500.0,-12500.0,41.5318727,41.6334118,open
1500.0,-12000.0,41.5363693,41.6334118,urban
1500.0,-11500.0,41.5408659,41.6334118,urban
1500.0,-11000.0,41.5453625,41.6334118,open
1500.0,-10500.0,41.5498591,41.6334118,urban
1500.0,-10000.0,41.5543557,41.6334118,urban
1500.0,-9500.0,41.5588523,41.6334118,urban
1500.0,-9000.0,41.563349,41.6334118,urban
1500.0,-8500.0,41.5678456,41.6334118,urban
1500.0,-8000.0,41.5723422,41.6334118,urban
1500.0,-7500.0,41.5768388,41.6334118,urban
1500.0,-7000.0,41.5813354,41.6334118,urban
1500.0,-6500.0,41.585832,41.6334118,urban
1500.0,-6000.0,41.5903286,41.6334118,urban
1500.0,-5500.0,41.5948252,41.6334118,urban
1500.0,-5000.0,41.5993218,41.6334118,urban
1500.0,-4500.0,41.6038184,41.6334118,urban
1500.0,-4000.0,41.608315,41.6334118,urban
1500.0,-3500.0,41.6128116,41.6334118,urban
1500.0,-3000.0,41.6173083,41.6334118,urban
1500.0,-2500.0,41.6218049,41.6334118,urban
1500.0,-2000.0,41.6263015,41.6334118,urban
1500.0,-1500.0,41.6307981,41.6334118,urban
1500.0,-1000.0,41.6352947,41.6334118,urban
1500.0,-500.0,41.6397913,41.6334118,urban
1500.0,0.0,41.6442879,41.6334118,urban
1500.0,500.0,41.6487845,41.6334118,urban
1500.0,1000.0,41.6532811,41.6334118,urban
1500.0,1500.0,41.6577777,41.6334118,urban
1500.0,2000.0,41.6622743,41.6334118,open
1500.0,2500.0,41.6667709,41.6334118,open
1500.0,3000.0,41.6712675,41.6334118,open
1500.0,3500.0,41.6757642,41.6334118,open
1500.0,4000.0,41.6802608,41.6334118,open
1500.0,4500.0,41.6847574,41.6334118,open
1500.0,5000.0,41.689254,41.6334118,open
1500.0,5500.0,41.6937506,41.6334118,open
1500.0,6000.0,41.6982472,41.6334118,open
1500.0,6500.0,41.7027438,41.6334118,open
1500.0,7000.0,41.7072404,41.6334118,open
1500.0,7500.0,41.711737,41.6334118,open
1500.0,8000.0,41.7162336,41.6334118,open
1500.0,8500.0,41.7207302,41.6334118,open
1500.0,9000.0,41.7252268,41.6334118,open
1500.0,9500.0,41.7297235,41.6334118,open
1500.0,10000.0,41.7342201,41.6334118,open
1500.0,10500.0,41.7387167,41.6334118,open
1500.0,11000.0,41.7432133,41.6334118,open
1500.0,11500.0,41.7477099,41.6334118,open
1500.0,12000.0,41.7522065,41.6334118,open
1500.0,12500.0,41.7567031,41.6334118,open
1500.0,13000.0,41.7611997,41.6334118,open
1500.0,13500.0,41.7656963,41.6334118,open
1500.0,14000.0,41.7701929,41.6334118,open
1500.0,14500.0,41.7746895,41.6334118,open
1500.0,15000.0,41.7791861,41.6334118,open
1500.0,15500.0,41.7836827,41.6334118,open
1500.0,16000.0,41.7881794,41.6334118,open
1500.0,16500.0,41.792676,41.6334118,open
1500.0,17000.0,41.7971726,41.6334118,open
1500.0,17500.0,41.8016692,41.6334118,open
1500.0,18000.0,41.8061658,41.6334118,open
1500.0,18500.0,41.8106624,41.6334118,open
1500.0,19000.0,41.815159,41.6334118,open
1500.0,19500.0,41.8196556,41.6334118,open
2000.0,-16000.0,41.5003964,41.639429,open
2000.0,-15500.0,41.5048931,41.639429,open
2000.0,-15000.0,41.5093897,41.639429,open
2000.0,-14500.0,41.5138863,41.639429,open
2000.0,-14000.0,41.5183829,41.639429,open
2000.0,-13500.0,41.5228795,41.639429,open
2000.0,-13000.0,41.5273761,41.639429,open
2000.0,-12500.0,41.5318727,41.639429,open
2000.0,-12000.0,41.5363693,41.639429,urban
2000.0,-11500.0,41.5408659,41.639429,urban
2000.0,-11000.0,41.5453625,41.639429,urban
2000.0,-10500.0,41.5498591,41.639429,urban
2000.0,-10000.0,41.5543557,41.639429,urban
2000.0,-9500.0,41.5588523,41.639429,urban
2000.0,-9000.0,41.563349,41.639429,urban
2000.0,-8500.0,41.5678456,41.639429,urban
2000.0,-8000.0,41.5723422,41.639429,urban
2000.0,-7500.0,41.5768388,41.639429,urban
2000.0,-7000.0,41.5813354,41.639429,open
2000.0,-6500.0,41.585832,41.639429,urban
2000.0,-6000.0,41.5903286,41.639429,urban
2000.0,-5500.0,41.5948252,41.639429,urban
2000.0,-5000.0,41.5993218,41.639429,urban
2000.0,-4500.0,41.6038184,41.639429,urban
2000.0,-4000.0,41.608315,41.639429,urban
2000.0,-3500.0,41.6128116,41.639429,urban
2000.0,-3000.0,41.6173083,41.639429,urban
2000.0,-2500.0,41.6218049,41.639429,urban
2000.0,-2000.0,41.6263015,41.639429,urban
2000.0,-1500.0,41.6307981,41.639429,urban
2000.0,-1000.0,41.6352947,41.639429,urban
2000.0,-500.0,41.6397913,41.639429,urban
2000.0,0.0,41.6442879,41.639429,urban
2000.0,500.0,41.6487845,41.639429,urban
2000.0,1000.0,41.6532811,41.639429,urban
2000.0,1500.0,41.6577777,41.639429,urban
2000.0,2000.0,41.6622743,41.639429,open
2000.0,2500.0,41.6667709,41.639429,open
2000.0,3000.0,41.6712675,41.639429,open
2000.0,3500.0,41.6757642,41.639429,open
2000.0,4000.0,41.6802608,41.639429,open
2000.0,4500.0,41.6847574,41.639429,open
2000.0,5000.0,41.689254,41.639429,open
2000.0,5500.0,41.6937506,41.639429,open
2000.0,6000.0,41.6982472,41.639429,open
2000.0,6500.0,41.7027438,41.639429,open
2000.0,7000.0,41.7072404,41.639429,open
2000.0,7500.0,41.711737,41.639429,open
2000.0,8000.0,41.7162336,41.639429,open
2000.0,8500.0,41.7207302,41.639429,open
2000.0,9000.0,41.7252268,41.639429,open
2000.0,9500.0,41.7297235,41.639429,open
2000.0,10000.0,41.7342201,41.639429,open
2000.0,10500.0,41.7387167,41.639429,open
2000.0,11000.0,41.7432133,41.639429,open
2000.0,11500.0,41.7477099,41.639429,open
2000.0,12000.0,41.7522065,41.639429,open
2000.0,12500.0,41.7567031,41.639429,open
2000.0,13000.0,41.7611997,41.639429,open
2000.0,13500.0,41.7656963,41.639429,open
2000.0,14000.0,41.7701929,41.639429,open
2000.0,14500.0,41.7746895,41.639429,open
2000.0,15000.0,41.7791861,41.639429,open
2000.0,15500.0,41.7836827,41.639429,open
2000.0,16000.0,41.7881794,41.639429,open
2000.0,16500.0,41.792676,41.639429,open
2000.0,17000.0,41.7971726,41.639429,open
2000.0,17500.0,41.8016692,41.639429,open
2000.0,18000.0,41.8061658,41.639429,open
2000.0,18500.0,41.8106624,41.639429,open
2000.0,19000.0,41.815159,41.639429,open
2000.0,19500.0,41.8196556,41.639429,open
2500.0,-16000.0,41.5003964,41.6454463,open
2500.0,-15500.0,41.5048931,41.6454463,open
2500.0,-15000.0,41.5093897,41.6454463,open
2500.0,-14500.0,41.5138863,41.6454463,open
2500.0,-14000.0,41.5183829,41.6454463,open
2500.0,-13500.0,41.5228795,41.6454463,open
2500.0,-13000.0,41.5273761,41.6454463,open
2500.0,-12500.0,41.5318727,41.6454463,open
2500.0,-12000.0,41.5363693,41.6454463,open
2500.0,-11500.0,41.5408659,41.6454463,urban
2500.0,-11000.0,41.5453625,41.6454463,urban
2500.0,-10500.0,41.5498591,41.6454463,urban
2500.0,-10000.0,41.5543557,41.6454463,urban
2500.0,-9500.0,41.5588523,41.6454463,urban
2500.0,-9000.0,41.563349,41.6454463,urban
2500.0,-8500.0,41.5678456,41.6454463,urban
2500.0,-8000.0,41.5723422,41.6454463,urban
2500.0,-7500.0,41.5768388,41.6454463,urban
2500.0,-7000.0,41.5813354,41.6454463,urban
2500.0,-6500.0,41.585832,41.6454463,urban
2500.0,-6000.0,41.5903286,41.6454463,urban
2500.0,-5500.0,41.5948252,41.6454463,urban
2500.0,-5000.0,41.5993218,41.6454463,urban
2500.0,-4500.0,41.6038184,41.6454463,urban
2500.0,-4000.0,41.608315,41.6454463,urban
2500.0,-3500.0,41.6128116,41.6454463,urban
2500.0,-3000.0,41.6173083,41.6454463,urban
2500.0,-2500.0,41.6218049,41.6454463,urban
2500.0,-2000.0,41.6263015,41.6454463,urban
2500.0,-1500.0,41.6307981,41.6454463,urban
2500.0,-1000.0,41.6352947,41.6454463,urban
2500.0,-500.0,41.6397913,41.6454463,urban
2500.0,0.0,41.6442879,41.6454463,urban
2500.0,500.0,41.6487845,41.6454463,urban
2500.0,1000.0,41.6532811,41.6454463,urban
2500.0,1500.0,41.6577777,41.6454463,urban
2500.0,2000.0,41.6622743,41.6454463,open
2500.0,2500.0,41.6667709,41.6454463,open
2500.0,3000.0,41.6712675,41.6454463,open
2500.0,3500.0,41.6757642,41.6454463,open
2500.0,4000.0,41.6802608,41.6454463,open
2500.0,4500.0,41.6847574,41.6454463,open
2500.0,5000.0,41.689254,41.6454463,open
2500.0,5500.0,41.6937506,41.6454463,open
2500.0,6000.0,41.6982472,41.6454463,open
2500.0,6500.0,41.7027438,41.6454463,open
2500.0,7000.0,41.7072404,41.6454463,open
2500.0,7500.0,41.711737,41.6454463,open
2500.0,8000.0,41.7162336,41.6454463,open
2500.0,8500.0,41.7207302,41.6454463,open
2500.0,9000.0,41.7252268,41.6454463,open
2500.0,9500.0,41.7297235,41.6454463,open
2500.0,10000.0,41.7342201,41.6454463,open
2500.0,10500.0,41.7387167,41.6454463,open
2500.0,11000.0,41.7432133,41.6454463,open
2500.0,11500.0,41.7477099,41.6454463,open
2500.0,12000.0,41.7522065,41.6454463,open
2500.0,12500.0,41.7567031,41.6454463,open
2500.0,13000.0,41.7611997,41.6454463,open
2500.0,13500.0,41.7656963,41.6454463,open
2500.0,14000.0,41.7701929,41.6454463,open
2500.0,14500.0,41.7746895,41.6454463,open
2500.0,15000.0,41.7791861,41.6454463,open
2500.0,15500.0,41.7836827,41.6454463,open
2500.0,16000.0,41.7881794,41.6454463,open
2500.0,16500.0,41.792676,41.6454463,open
2500.0,17000.0,41.7971726,41.6454463,open
2500.0,17500.0,41.8016692,41.6454463,open
2500.0,18000.0,41.8061658,41.6454463,open
2500.0,18500.0,41.8106624,41.6454463,open
2500.0,19000.0,41.815159,41.6454463,open
2500.0,19500.0,41.8196556,41.6454463,open
3000.0,-16000.0,41.5003964,41.6514636,open
3000.0,-15500.0,41.5048931,41.6514636,open
3000.0,-15000.0,41.5093897,41.6514636,open
3000.0,-14500.0,41.5138863,41.6514636,open
3000.0,-14000.0,41.5183829,41.6514636,open
3000.0,-13500.0,41.5228795,41.6514636,open
3000.0,-13000.0,41.5273761,41.6514636,open
3000.0,-12500.0,41.5318727,41.6514636,open
3000.0,-12000.0,41.5363693,41.6514636,open
3000.0,-11500.0,41.5408659,41.6514636,urban
3000.0,-11000.0,41.5453625,41.6514636,urban
3000.0,-10500.0,41.5498591,41.6514636,urban
3000.0,-10000.0,41.5543557,41.6514636,urban
3000.0,-9500.0,41.5588523,41.6514636,urban
3000.0,-9000.0,41.563349,41.6514636,urban
3000.0,-8500.0,41.5678456,41.6514636,urban
3000.0,-8000.0,41.5723422,41.6514636,urban
3000.0,-7500.0,41.5768388,41.6514636,urban
3000.0,-7000.0,41.5813354,41.6514636,urban
3000.0,-6500.0,41.585832,41.6514636,urban
3000.0,-6000.0,41.5903286,41.6514636,urban
3000.0,-5500.0,41.5948252,41.6514636,urban
3000.0,-5000.0,41.5993218,41.6514636,urban
3000.0,-4500.0,41.6038184,41.6514636,urban
3000.0,-4000.0,41.608315,41.6514636,urban
3000.0,-3500.0,41.6128116,41.6514636,urban
3000.0,-3000.0,41.6173083,41.6514636,urban
3000.0,-2500.0,41.6218049,41.6514636,urban
3000.0,-2000.0,41.6263015,41.6514636,urban
3000.0,-1500.0,41.6307981,41.6514636,urban
3000.0,-1000.0,41.6352947,41.6514636,urban
3000.0,-500.0,41.6397913,41.6514636,urban
3000.0,0.0,41.6442879,41.6514636,urban
3000.0,500.0,41.6487845,41.6514636,urban
3000.0,1000.0,41.6532811,41.6514636,open
3000.0,1500.0,41.6577777,41.6514636,open
3000.0,2000.0,41.6622743,41.6514636,open
3000.0,2500.0,41.6667709,41.6514636,open
3000.0,3000.0,41.6712675,41.6514636,open
3000.0,3500.0,41.6757642,41.6514636,open
3000.0,4000.0,41.6802608,41.6514636,open
3000.0,4500.0,41.6847574,41.6514636,open
3000.0,5000.0,41.689254,41.6514636,open
3000.0,5500.0,41.6937506,41.6514636,open
3000.0,6000.0,41.6982472,41.6514636,open
3000.0,6500.0,41.7027438,41.6514636,open
3000.0,7000.0,41.7072404,41.6514636,open
3000.0,7500.0,41.711737,41.6514636,open
3000.0,8000.0,41.7162336,41.6514636,open
3000.0,8500.0,41.7207302,41.6514636,open
3000.0,9000.0,41.7252268,41.6514636,open
3000.0,9500.0,41.7297235,41.6514636,open
3000.0,10000.0,41.7342201,41.6514636,open
3000.0,10500.0,41.7387167,41.6514636,open
3000.0,11000.0,41.7432133,41.6514636,open
3000.0,11500.0,41.7477099,41.6514636,open
3000.0,12000.0,41.7522065,41.6514636,open
3000.0,12500.0,41.7567031,41.6514636,open
3000.0,13000.0,41.7611997,41.6514636,open
3000.0,13500.0,41.7656963,41.6514636,open
3000.0,14000.0,41.7701929,41.6514636,open
3000.0,14500.0,41.7746895,41.6514636,open
3000.0,15000.0,41.7791861,41.6514636,open
3000.0,15500.0,41.7836827,41.6514636,open
3000.0,16000.0,41.7881794,41.6514636,open
3000.0,16500.0,41.792676,41.6514636,open
3000.0,17000.0,41.7971726,41.6514636,open
3000.0,17500.0,41.8016692,41.6514636,open
3000.0,18000.0,41.8061658,41.6514636,open
3000.0,18500.0,41.8106624,41.6514636,open
3000.0,19000.0,41.815159,41.6514636,open
3000.0,19500.0,41.8196556,41.6514636,open
3500.0,-16000.0,41.5003964,41.6574808,open
3500.0,-15500.0,41.5048931,41.6574808,open
3500.0,-15000.0,41.5093897,41.6574808,open
3500.0,-14500.0,41.5138863,41.6574808,open
3500.0,-14000.0,41.5183829,41.6574808,open
3500.0,-13500.0,41.5228795,41.6574808,open
3500.0,-13000.0,41.5273761,41.6574808,open
3500.0,-12500.0,41.5318727,41.6574808,open
3500.0,-12000.0,41.5363693,41.6574808,urban
3500.0,-11500.0,41.5408659,41.6574808,urban
3500.0,-11000.0,41.5453625,41.6574808,urban
3500.0,-10500.0,41.5498591,41.6574808,urban
3500.0,-10000.0,41.5543557,41.6574808,urban
3500.0,-9500.0,41.5588523,41.6574808,urban
3500.0,-9000.0,41.563349,41.6574808,urban
3500.0,-8500.0,41.5678456,41.6574808,open
3500.0,-8000.0,41.5723422,41.6574808,urban
3500.0,-7500.0,41.5768388,41.6574808,urban
3500.0,-7000.0,41.5813354,41.6574808,urban
3500.0,-6500.0,41.585832,41.6574808,urban
3500.0,-6000.0,41.5903286,41.6574808,urban
3500.0,-5500.0,41.5948252,41.6574808,urban
3500.0,-5000.0,41.5993218,41.6574808,urban
3500.0,-4500.0,41.6038184,41.6574808,urban
3500.0,-4000.0,41.608315,41.6574808,urban
3500.0,-3500.0,41.6128116,41.6574808,urban
3500.0,-3000.0,41.6173083,41.6574808,urban
3500.0,-2500.0,41.6218049,41.6574808,urban
3500.0,-2000.0,41.6263015,41.6574808,urban
3500.0,-1500.0,41.6307981,41.6574808,urban
3500.0,-1000.0,41.6352947,41.6574808,urban
3500.0,-500.0,41.6397913,41.6574808,urban
3500.0,0.0,41.6442879,41.6574808,urban
3500.0,500.0,41.6487845,41.6574808,urban
3500.0,1000.0,41.6532811,41.6574808,urban
3500.0,1500.0,41.6577777,41.6574808,open
3500.0,2000.0,41.6622743,41.6574808,open
3500.0,2500.0,41.6667709,41.6574808,open
3500.0,3000.0,41.6712675,41.6574808,open
3500.0,3500.0,41.6757642,41.6574808,open
3500.0,4000.0,41.6802608,41.6574808,open
3500.0,4500.0,41.6847574,41.6574808,open
3500.0,5000.0,41.689254,41.6574808,open
3500.0,5500.0,41.6937506,41.6574808,open
3500.0,6000.0,41.6982472,41.6574808,open
3500.0,6500.0,41.7027438,41.6574808,open
3500.0,7000.0,41.7072404,41.6574808,open
3500.0,7500.0,41.711737,41.6574808,open
3500.0,8000.0,41.7162336,41.6574808,open
3500.0,8500.0,41.7207302,41.6574808,open
3500.0,9000.0,41.7252268,41.6574808,open
3500.0,9500.0,41.7297235,41.6574808,open
3500.0,10000.0,41.7342201,41.6574808,open
3500.0,10500.0,41.7387167,41.6574808,open
3500.0,11000.0,41.7432133,41.6574808,open
3500.0,11500.0,41.7477099,41.6574808,open
3500.0,12000.0,41.7522065,41.6574808,open
3500.0,12500.0,41.7567031,41.6574808,open
3500.0,13000.0,41.7611997,41.6574808,open
3500.0,13500.0,41.7656963,41.6574808,open
3500.0,14000.0,41.7701929,41.6574808,open
3500.0,14500.0,41.7746895,41.6574808,open
3500.0,15000.0,41.7791861,41.6574808,open
3500.0,15500.0,41.7836827,41.6574808,open
3500.0,16000.0,41.7881794,41.6574808,open
3500.0,16500.0,41.792676,41.6574808,open
3500.0,17000.0,41.7971726,41.6574808,open
3500.0,17500.0,41.8016692,41.6574808,open
3500.0,18000.0,41.8061658,41.6574808,open
3500.0,18500.0,41.8106624,41.6574808,open
3500.0,19000.0,41.815159,41.6574808,open
3500.0,19500.0,41.8196556,41.6574808,open
4000.0,-16000.0,41.5003964,41.6634981,open
4000.0,-15500.0,41.5048931,41.6634981,open
4000.0,-15000.0,41.5093897,41.6634981,open
4000.0,-14500.0,41.5138863,41.6634981,open
4000.0,-14000.0,41.5183829,41.6634981,open
4000.0,-13500.0,41.5228795,41.6634981,open
4000.0,-13000.0,41.5273761,41.6634981,open
4000.0,-12500.0,41.5318727,41.6634981,open
4000.0,-12000.0,41.5363693,41.6634981,open
4000.0,-11500.0,41.5408659,41.6634981,urban
4000.0,-11000.0,41.5453625,41.6634981,urban
4000.0,-10500.0,41.5498591,41.6634981,urban
4000.0,-10000.0,41.5543557,41.6634981,urban
4000.0,-9500.0,41.5588523,41.6634981,urban
4000.0,-9000.0,41.563349,41.6634981,urban
4000.0,-8500.0,41.5678456,41.6634981,open
4000.0,-8000.0,41.5723422,41.6634981,urban
4000.0,-7500.0,41.5768388,41.6634981,urban
4000.0,-7000.0,41.5813354,41.6634981,urban
4000.0,-6500.0,41.585832,41.6634981,urban
4000.0,-6000.0,41.5903286,41.6634981,urban
4000.0,-5500.0,41.5948252,41.6634981,urban
4000.0,-5000.0,41.5993218,41.6634981,urban
4000.0,-4500.0,41.6038184,41.6634981,urban
4000.0,-4000.0,41.608315,41.6634981,urban
4000.0,-3500.0,41.6128116,41.6634981,urban
4000.0,-3000.0,41.6173083,41.6634981,urban
4000.0,-2500.0,41.6218049,41.6634981,urban
4000.0,-2000.0,41.6263015,41.6634981,urban
4000.0,-1500.0,41.6307981,41.6634981,urban
4000.0,-1000.0,41.6352947,41.6634981,urban
4000.0,-500.0,41.6397913,41.6634981,urban
4000.0,0.0,41.6442879,41.6634981,urban
4000.0,500.0,41.6487845,41.6634981,urban
4000.0,1000.0,41.6532811,41.6634981,open
4000.0,1500.0,41.6577777,41.6634981,open
4000.0,2000.0,41.6622743,41.6634981,open
4000.0,2500.0,41.6667709,41.6634981,open
4000.0,3000.0,41.6712675,41.6634981,open
4000.0,3500.0,41.6757642,41.6634981,open
4000.0,4000.0,41.6802608,41.6634981,open
4000.0,4500.0,41.6847574,41.6634981,open
4000.0,5000.0,41.689254,41.6634981,open
4000.0,5500.0,41.6937506,41.6634981,open
4000.0,6000.0,41.6982472,41.6634981,open
4000.0,6500.0,41.7027438,41.6634981,open
4000.0,7000.0,41.7072404,41.6634981,open
4000.0,7500.0,41.711737,41.6634981,open
4000.0,8000.0,41.7162336,41.6634981,open
4000.0,8500.0,41.7207302,41.6634981,open
4000.0,9000.0,41.7252268,41.6634981,open
4000.0,9500.0,41.7297235,41.6634981,open
4000.0,10000.0,41.7342201,41.6634981,open
4000.0,10500.0,41.7387167,41.6634981,open
4000.0,11000.0,41.7432133,41.6634981,open
4000.0,11500.0,41.7477099,41.6634981,open
4000.0,12000.0,41.7522065,41.6634981,open
4000.0,12500.0,41.7567031,41.6634981,open
4000.0,13000.0,41.7611997,41.6634981,open
4000.0,13500.0,41.7656963,41.6634981,open
4000.0,14000.0,41.7701929,41.6634981,open
4000.0,14500.0,41.7746895,41.6634981,open
4000.0,15000.0,41.7791861,41.6634981,open
4000.0,15500.0,41.7836827,41.6634981,open
4000.0,16000.0,41.7881794,41.6634981,open
4000.0,16500.0,41.792676,41.6634981,open
4000.0,17000.0,41.7971726,41.6634981,open
4000.0,17500.0,41.8016692,41.6634981,open
4000.0,18000.0,41.8061658,41.6634981,open
4000.0,18500.0,41.8106624,41.6634981,open
4000.0,19000.0,41.815159,41.6634981,open
4000.0,19500.0,41.8196556,41.6634981,open
4500.0,-16000.0,41.5003964,41.6695154,open
4500.0,-15500.0,41.5048931,41.6695154,open
4500.0,-15000.0,41.5093897,41.6695154,open
4500.0,-14500.0,41.5138863,41.6695154,open
4500.0,-14000.0,41.5183829,41.6695154,open
4500.0,-13500.0,41.5228795,41.6695154,open
4500.0,-13000.0,41.5273761,41.6695154,open
4500.0,-12500.0,41.5318727,41.6695154,open
4500.0,-12000.0,41.5363693,41.6695154,urban
4500.0,-11500.0,41.5408659,41.6695154,urban
4500.0,-11000.0,41.5453625,41.6695154,urban
4500.0,-10500.0,41.5498591,41.6695154,urban
4500.0,-10000.0,41.5543557,41.6695154,urban
4500.0,-9500.0,41.5588523,41.6695154,urban
4500.0,-9000.0,41.563349,41.6695154,urban
4500.0,-8500.0,41.5678456,41.6695154,urban
4500.0,-8000.0,41.5723422,41.6695154,urban
4500.0,-7500.0,41.5768388,41.6695154,urban
4500.0,-7000.0,41.5813354,41.6695154,urban
4500.0,-6500.0,41.585832,41.6695154,urban
4500.0,-6000.0,41.5903286,41.6695154,urban
4500.0,-5500.0,41.5948252,41.6695154,urban
4500.0,-5000.0,41.5993218,41.6695154,urban
4500.0,-4500.0,41.6038184,41.6695154,urban
4500.0,-4000.0,41.608315,41.6695154,urban
4500.0,-3500.0,41.6128116,41.6695154,urban
4500.0,-3000.0,41.6173083,41.6695154,urban
4500.0,-2500.0,41.6218049,41.6695154,urban
4500.0,-2000.0,41.6263015,41.6695154,urban
4500.0,-1500.0,41.6307981,41.6695154,urban
4500.0,-1000.0,41.6352947,41.6695154,urban
4500.0,-500.0,41.6397913,41.6695154,urban
4500.0,0.0,41.6442879,41.6695154,urban
4500.0,500.0,41.6487845,41.6695154,urban
4500.0,1000.0,41.6532811,41.6695154,urban
4500.0,1500.0,41.6577777,41.6695154,open
4500.0,2000.0,41.6622743,41.6695154,open
4500.0,2500.0,41.6667709,41.6695154,open
4500.0,3000.0,41.6712675,41.6695154,open
4500.0,3500.0,41.6757642,41.6695154,open
4500.0,4000.0,41.6802608,41.6695154,open
4500.0,4500.0,41.6847574,41.6695154,open
4500.0,5000.0,41.689254,41.6695154,open
4500.0,5500.0,41.6937506,41.6695154,open
4500.0,6000.0,41.6982472,41.6695154,open
4500.0,6500.0,41.7027438,41.6695154,open
4500.0,7000.0,41.7072404,41.6695154,open
4500.0,7500.0,41.711737,41.6695154,open
4500.0,8000.0,41.7162336,41.6695154,open
4500.0,8500.0,41.7207302,41.6695154,open
4500.0,9000.0,41.7252268,41.6695154,open
4500.0,9500.0,41.7297235,41.6695154,open
4500.0,10000.0,41.7342201,41.6695154,open
4500.0,10500.0,41.7387167,41.6695154,open
4500.0,11000.0,41.7432133,41.6695154,open
4500.0,11500.0,41.7477099,41.6695154,open
4500.0,12000.0,41.7522065,41.6695154,open
4500.0,12500.0,41.7567031,41.6695154,open
4500.0,13000.0,41.7611997,41.6695154,open
4500.0,13500.0,41.7656963,41.6695154,open
4500.0,14000.0,41.7701929,41.6695154,open
4500.0,14500.0,41.7746895,41.6695154,open
4500.0,15000.0,41.7791861,41.6695154,open
4500.0,15500.0,41.7836827,41.6695154,open
4500.0,16000.0,41.7881794,41.6695154,open
4500.0,16500.0,41.792676,41.6695154,open
4500.0,17000.0,41.7971726,41.6695154,open
4500.0,17500.0,41.8016692,41.6695154,open
4500.0,18000.0,41.8061658,41.6695154,open
4500.0,18500.0,41.8106624,41.6695154,open
4500.0,19000.0,41.815159,41.6695154,open
4500.0,19500.0,41.8196556,41.6695154,open
5000.0,-16000.0,41.5003964,41.6755326,open
5000.0,-15500.0,41.5048931,41.6755326,open
5000.0,-15000.0,41.5093897,41.6755326,open
5000.0,-14500.0,41.5138863,41.6755326,open
5000.0,-14000.0,41.5183829,41.6755326,open
5000.0,-13500.0,41.5228795,41.6755326,open
5000.0,-13000.0,41.5273761,41.6755326,open
5000.0,-12500.0,41.5318727,41.6755326,open
5000.0,-12000.0,41.5363693,41.6755326,open
5000.0,-11500.0,41.5408659,41.6755326,urban
5000.0,-11000.0,41.5453625,41.6755326,urban
5000.0,-10500.0,41.5498591,41.6755326,urban
5000.0,-10000.0,41.5543557,41.6755326,urban
5000.0,-9500.0,41.5588523,41.6755326,urban
5000.0,-9000.0,41.563349,41.6755326,urban
5000.0,-8500.0,41.5678456,41.6755326,open
5000.0,-8000.0,41.5723422,41.6755326,urban
5000.0,-7500.0,41.5768388,41.6755326,urban
5000.0,-7000.0,41.5813354,41.6755326,urban
5000.0,-6500.0,41.585832,41.6755326,urban
5000.0,-6000.0,41.5903286,41.6755326,urban
5000.0,-5500.0,41.5948252,41.6755326,urban
5000.0,-5000.0,41.5993218,41.6755326,urban
5000.0,-4500.0,41.6038184,41.6755326,urban
5000.0,-4000.0,41.608315,41.6755326,urban
5000.0,-3500.0,41.6128116,41.6755326,urban
5000.0,-3000.0,41.6173083,41.6755326,urban
5000.0,-2500.0,41.6218049,41.6755326,urban
5000.0,-2000.0,41.6263015,41.6755326,urban
5000.0,-1500.0,41.6307981,41.6755326,urban
5000.0,-1000.0,41.6352947,41.6755326,urban
5000.0,-500.0,41.6397913,41.6755326,urban
5000.0,0.0,41.6442879,41.6755326,urban
5000.0,500.0,41.6487845,41.6755326,urban
5000.0,1000.0,41.6532811,41.6755326,urban
5000.0,1500.0,41.6577777,41.6755326,urban
5000.0,2000.0,41.6622743,41.6755326,urban
5000.0,2500.0,41.6667709,41.6755326,open
5000.0,3000.0,41.6712675,41.6755326,open
5000.0,3500.0,41.6757642,41.6755326,open
5000.0,4000.0,41.6802608,41.6755326,open
5000.0,4500.0,41.6847574,41.6755326,open
5000.0,5000.0,41.689254,41.6755326,open
5000.0,5500.0,41.6937506,41.6755326,open
5000.0,6000.0,41.6982472,41.6755326,open
5000.0,6500.0,41.7027438,41.6755326,open
5000.0,7000.0,41.7072404,41.6755326,open
5000.0,7500.0,41.711737,41.6755326,open
5000.0,8000.0,41.7162336,41.6755326,open
5000.0,8500.0,41.7207302,41.6755326,open
5000.0,9000.0,41.7252268,41.6755326,open
5000.0,9500.0,41.7297235,41.6755326,open
5000.0,10000.0,41.7342201,41.6755326,open
5000.0,10500.0,41.7387167,41.6755326,open
5000.0,11000.0,41.7432133,41.6755326,open
5000.0,11500.0,41.7477099,41.6755326,open
5000.0,12000.0,41.7522065,41.6755326,open
5000.0,12500.0,41.7567031,41.6755326,open
5000.0,13000.0,41.7611997,41.6755326,open
5000.0,13500.0,41.7656963,41.6755326,open
5000.0,14000.0,41.7701929,41.6755326,open
5000.0,14500.0,41.7746895,41.6755326,open
5000.0,15000.0,41.7791861,41.6755326,open
5000.0,15500.0,41.7836827,41.6755326,open
5000.0,16000.0,41.7881794,41.6755326,open
5000.0,16500.0,41.792676,41.6755326,open
5000.0,17000.0,41.7971726,41.6755326,open
5000.0,17500.0,41.8016692,41.6755326,open
5000.0,18000.0,41.8061658,41.6755326,open
5000.0,18500.0,41.8106624,41.6755326,open
5000.0,19000.0,41.815159,41.6755326,open
5000.0,19500.0,41.8196556,41.6755326,open
5500.0,-16000.0,41.5003964,41.6815499,open
5500.0,-15500.0,41.5048931,41.6815499,open
5500.0,-15000.0,41.5093897,41.6815499,open
5500.0,-14500.0,41.5138863,41.6815499,open
5500.0,-14000.0,41.5183829,41.6815499,open
5500.0,-13500.0,41.5228795,41.6815499,open
5500.0,-13000.0,41.5273761,41.6815499,open
5500.0,-12500.0,41.5318727,41.6815499,open
5500.0,-12000.0,41.5363693,41.6815499,open
5500.0,-11500.0,41.5408659,41.6815499,open
5500.0,-11000.0,41.5453625,41.6815499,urban
5500.0,-10500.0,41.5498591,41.6815499,urban
5500.0,-10000.0,41.5543557,41.6815499,urban
5500.0,-9500.0,41.5588523,41.6815499,urban
5500.0,-9000.0,41.563349,41.6815499,urban
5500.0,-8500.0,41.5678456,41.6815499,urban
5500.0,-8000.0,41.5723422,41.6815499,urban
5500.0,-7500.0,41.5768388,41.6815499,open
5500.0,-7000.0,41.5813354,41.6815499,forest
5500.0,-6500.0,41.585832,41.6815499,urban
5500.0,-6000.0,41.5903286,41.6815499,urban
5500.0,-5500.0,41.5948252,41.6815499,urban
5500.0,-5000.0,41.5993218,41.6815499,urban
5500.0,-4500.0,41.6038184,41.6815499,urban
5500.0,-4000.0,41.608315,41.6815499,urban
5500.0,-3500.0,41.6128116,41.6815499,urban
5500.0,-3000.0,41.6173083,41.6815499,urban
5500.0,-2500.0,41.6218049,41.6815499,urban
5500.0,-2000.0,41.6263015,41.6815499,urban
5500.0,-1500.0,41.6307981,41.6815499,urban
5500.0,-1000.0,41.6352947,41.6815499,urban
5500.0,-500.0,41.6397913,41.6815499,urban
5500.0,0.0,41.6442879,41.6815499,urban
5500.0,500.0,41.6487845,41.6815499,urban
5500.0,1000.0,41.6532811,41.6815499,urban
5500.0,1500.0,41.6577777,41.6815499,urban
5500.0,2000.0,41.6622743,41.6815499,urban
5500.0,2500.0,41.6667709,41.6815499,urban
5500.0,3000.0,41.6712675,41.6815499,open
5500.0,3500.0,41.6757642,41.6815499,open
5500.0,4000.0,41.6802608,41.6815499,open
5500.0,4500.0,41.6847574,41.6815499,open
5500.0,5000.0,41.689254,41.6815499,open
5500.0,5500.0,41.6937506,41.6815499,open
5500.0,6000.0,41.6982472,41.6815499,open
5500.0,6500.0,41.7027438,41.6815499,open
5500.0,7000.0,41.7072404,41.6815499,open
5500.0,7500.0,41.711737,41.6815499,open
5500.0,8000.0,41.7162336,41.6815499,open
5500.0,8500.0,41.7207302,41.6815499,open
5500.0,9000.0,41.7252268,41.6815499,open
5500.0,9500.0,41.7297235,41.6815499,open
5500.0,10000.0,41.7342201,41.6815499,open
5500.0,10500.0,41.7387167,41.6815499,open
5500.0,11000.0,41.7432133,41.6815499,open
5500.0,11500.0,41.7477099,41.6815499,open
5500.0,12000.0,41.7522065,41.6815499,open
5500.0,12500.0,41.7567031,41.6815499,open
5500.0,13000.0,41.7611997,41.6815499,open
5500.0,13500.0,41.7656963,41.6815499,open
5500.0,14000.0,41.7701929,41.6815499,open
5500.0,14500.0,41.7746895,41.6815499,open
5500.0,15000.0,41.7791861,41.6815499,open
5500.0,15500.0,41.7836827,41.6815499,open
5500.0,16000.0,41.7881794,41.6815499,open
5500.0,16500.0,41.792676,41.6815499,open
5500.0,17000.0,41.7971726,41.6815499,open
5500.0,17500.0,41.8016692,41.6815499,open
5500.0,18000.0,41.8061658,41.6815499,open
5500.0,18500.0,41.8106624,41.6815499,open
5500.0,19000.0,41.815159,41.6815499,open
5500.0,19500.0,41.8196556,41.6815499,open
6000.0,-16000.0,41.5003964,41.6875671,urban
6000.0,-15500.0,41.5048931,41.6875671,open
6000.0,-15000.0,41.5093897,41.6875671,open
6000.0,-14500.0,41.5138863,41.6875671,open
6000.0,-14000.0,41.5183829,41.6875671,open
6000.0,-13500.0,41.5228795,41.6875671,open
6000.0,-13000.0,41.5273761,41.6875671,open
6000.0,-12500.0,41.5318727,41.6875671,open
6000.0,-12000.0,41.5363693,41.6875671,open
6000.0,-11500.0,41.5408659,41.6875671,urban
6000.0,-11000.0,41.5453625,41.6875671,urban
6000.0,-10500.0,41.5498591,41.6875671,urban
6000.0,-10000.0,41.5543557,41.6875671,urban
6000.0,-9500.0,41.5588523,41.6875671,urban
6000.0,-9000.0,41.563349,41.6875671,urban
6000.0,-8500.0,41.5678456,41.6875671,urban
6000.0,-8000.0,41.5723422,41.6875671,urban
6000.0,-7500.0,41.5768388,41.6875671,urban
6000.0,-7000.0,41.5813354,41.6875671,urban
6000.0,-6500.0,41.585832,41.6875671,open
6000.0,-6000.0,41.5903286,41.6875671,urban
6000.0,-5500.0,41.5948252,41.6875671,urban
6000.0,-5000.0,41.5993218,41.6875671,urban
6000.0,-4500.0,41.6038184,41.6875671,urban
6000.0,-4000.0,41.608315,41.6875671,urban
6000.0,-3500.0,41.6128116,41.6875671,urban
6000.0,-3000.0,41.6173083,41.6875671,urban
6000.0,-2500.0,41.6218049,41.6875671,urban
6000.0,-2000.0,41.6263015,41.6875671,urban
6000.0,-1500.0,41.6307981,41.6875671,urban
6000.0,-1000.0,41.6352947,41.6875671,urban
6000.0,-500.0,41.6397913,41.6875671,urban
6000.0,0.0,41.6442879,41.6875671,urban
6000.0,500.0,41.6487845,41.6875671,urban
6000.0,1000.0,41.6532811,41.6875671,urban
6000.0,1500.0,41.6577777,41.6875671,urban
6000.0,2000.0,41.6622743,41.6875671,urban
6000.0,2500.0,41.6667709,41.6875671,urban
6000.0,3000.0,41.6712675,41.6875671,urban
6000.0,3500.0,41.6757642,41.6875671,open
6000.0,4000.0,41.6802608,41.6875671,open
6000.0,4500.0,41.6847574,41.6875671,open
6000.0,5000.0,41.689254,41.6875671,open
6000.0,5500.0,41.6937506,41.6875671,open
6000.0,6000.0,41.6982472,41.6875671,open
6000.0,6500.0,41.7027438,41.6875671,open
6000.0,7000.0,41.7072404,41.6875671,open
6000.0,7500.0,41.711737,41.6875671,open
6000.0,8000.0,41.7162336,41.6875671,open
6000.0,8500.0,41.7207302,41.6875671,open
6000.0,9000.0,41.7252268,41.6875671,open
6000.0,9500.0,41.7297235,41.6875671,open
6000.0,10000.0,41.7342201,41.6875671,open
6000.0,10500.0,41.7387167,41.6875671,open
6000.0,11000.0,41.7432133,41.6875671,open
6000.0,11500.0,41.7477099,41.6875671,open
6000.0,12000.0,41.7522065,41.6875671,open
6000.0,12500.0,41.7567031,41.6875671,open
6000.0,13000.0,41.7611997,41.6875671,open
6000.0,13500.0,41.7656963,41.6875671,open
6000.0,14000.0,41.7701929,41.6875671,open
6000.0,14500.0,41.7746895,41.6875671,open
6000.0,15000.0,41.7791861,41.6875671,open
6000.0,15500.0,41.7836827,41.6875671,open
6000.0,16000.0,41.7881794,41.6875671,open
6000.0,16500.0,41.792676,41.6875671,open
6000.0,17000.0,41.7971726,41.6875671,open
6000.0,17500.0,41.8016692,41.6875671,open
6000.0,18000.0,41.8061658,41.6875671,open
6000.0,18500.0,41.8106624,41.6875671,open
6000.0,19000.0,41.815159,41.6875671,open
6000.0,19500.0,41.8196556,41.6875671,open
6500.0,-16000.0,41.5003964,41.6935844,urban
6500.0,-15500.0,41.5048931,41.6935844,urban
6500.0,-15000.0,41.5093897,41.6935844,open
6500.0,-14500.0,41.5138863,41.6935844,open
6500.0,-14000.0,41.5183829,41.6935844,open
6500.0,-13500.0,41.5228795,41.6935844,open
6500.0,-13000.0,41.5273761,41.6935844,open
6500.0,-12500.0,41.5318727,41.6935844,open
6500.0,-12000.0,41.5363693,41.6935844,open
6500.0,-11500.0,41.5408659,41.6935844,open
6500.0,-11000.0,41.5453625,41.6935844,urban
6500.0,-10500.0,41.5498591,41.6935844,water
6500.0,-10000.0,41.5543557,41.6935844,urban
6500.0,-9500.0,41.5588523,41.6935844,urban
6500.0,-9000.0,41.563349,41.6935844,urban
6500.0,-8500.0,41.5678456,41.6935844,urban
6500.0,-8000.0,41.5723422,41.6935844,urban
6500.0,-7500.0,41.5768388,41.6935844,urban
6500.0,-7000.0,41.5813354,41.6935844,urban
6500.0,-6500.0,41.585832,41.6935844,urban
6500.0,-6000.0,41.5903286,41.6935844,urban
6500.0,-5500.0,41.5948252,41.6935844,urban
6500.0,-5000.0,41.5993218,41.6935844,urban
6500.0,-4500.0,41.6038184,41.6935844,urban
6500.0,-4000.0,41.608315,41.6935844,urban
6500.0,-3500.0,41.6128116,41.6935844,urban
6500.0,-3000.0,41.6173083,41.6935844,urban
6500.0,-2500.0,41.6218049,41.6935844,urban
6500.0,-2000.0,41.6263015,41.6935844,urban
6500.0,-1500.0,41.6307981,41.6935844,urban
6500.0,-1000.0,41.6352947,41.6935844,urban
6500.0,-500.0,41.6397913,41.6935844,urban
6500.0,0.0,41.6442879,41.6935844,urban
6500.0,500.0,41.6487845,41.6935844,urban
6500.0,1000.0,41.6532811,41.6935844,urban
6500.0,1500.0,41.6577777,41.6935844,urban
6500.0,2000.0,41.6622743,41.6935844,urban
6500.0,2500.0,41.6667709,41.6935844,urban
6500.0,3000.0,41.6712675,41.6935844,urban
6500.0,3500.0,41.6757642,41.6935844,urban
6500.0,4000.0,41.6802608,41.6935844,urban
6500.0,4500.0,41.6847574,41.6935844,open
6500.0,5000.0,41.689254,41.6935844,open
6500.0,5500.0,41.6937506,41.6935844,open
6500.0,6000.0,41.6982472,41.6935844,open
6500.0,6500.0,41.7027438,41.6935844,open
6500.0,7000.0,41.7072404,41.6935844,open
6500.0,7500.0,41.711737,41.6935844,open
6500.0,8000.0,41.7162336,41.6935844,open
6500.0,8500.0,41.7207302,41.6935844,open
6500.0,9000.0,41.7252268,41.6935844,open
6500.0,9500.0,41.7297235,41.6935844,open
6500.0,10000.0,41.7342201,41.6935844,open
6500.0,10500.0,41.7387167,41.6935844,open
6500.0,11000.0,41.7432133,41.6935844,open
6500.0,11500.0,41.7477099,41.6935844,open
6500.0,12000.0,41.7522065,41.6935844,open
6500.0,12500.0,41.7567031,41.6935844,open
6500.0,13000.0,41.7611997,41.6935844,open
6500.0,13500.0,41.7656963,41.6935844,open
6500.0,14000.0,41.7701929,41.6935844,open
6500.0,14500.0,41.7746895,41.6935844,open
6500.0,15000.0,41.7791861,41.6935844,open
6500.0,15500.0,41.7836827,41.6935844,open
6500.0,16000.0,41.7881794,41.6935844,open
6500.0,16500.0,41.792676,41.6935844,open
6500.0,17000.0,41.7971726,41.6935844,open
6500.0,17500.0,41.8016692,41.6935844,open
6500.0,18000.0,41.8061658,41.6935844,open
6500.0,18500.0,41.8106624,41.6935844,open
6500.0,19000.0,41.815159,41.6935844,open
6500.0,19500.0,41.8196556,41.6935844,open
7000.0,-16000.0,41.5003964,41.6996017,open
7000.0,-15500.0,41.5048931,41.6996017,open
7000.0,-15000.0,41.5093897,41.6996017,open
7000.0,-14500.0,41.5138863,41.6996017,open
7000.0,-14000.0,41.5183829,41.6996017,open
7000.0,-13500.0,41.5228795,41.6996017,open
7000.0,-13000.0,41.5273761,41.6996017,open
7000.0,-12500.0,41.5318727,41.6996017,open
7000.0,-12000.0,41.5363693,41.6996017,open
7000.0,-11500.0,41.5408659,41.6996017,open
7000.0,-11000.0,41.5453625,41.6996017,open
7000.0,-10500.0,41.5498591,41.6996017,water
7000.0,-10000.0,41.5543557,41.6996017,urban
7000.0,-9500.0,41.5588523,41.6996017,urban
7000.0,-9000.0,41.563349,41.6996017,urban
7000.0,-8500.0,41.5678456,41.6996017,urban
7000.0,-8000.0,41.5723422,41.6996017,urban
7000.0,-7500.0,41.5768388,41.6996017,urban
7000.0,-7000.0,41.5813354,41.6996017,urban
7000.0,-6500.0,41.585832,41.6996017,open
7000.0,-6000.0,41.5903286,41.6996017,urban
7000.0,-5500.0,41.5948252,41.6996017,urban
7000.0,-5000.0,41.5993218,41.6996017,urban
7000.0,-4500.0,41.6038184,41.6996017,urban
7000.0,-4000.0,41.608315,41.6996017,urban
7000.0,-3500.0,41.6128116,41.6996017,urban
7000.0,-3000.0,41.6173083,41.6996017,urban
7000.0,-2500.0,41.6218049,41.6996017,urban
7000.0,-2000.0,41.6263015,41.6996017,urban
7000.0,-1500.0,41.6307981,41.6996017,urban
7000.0,-1000.0,41.6352947,41.6996017,urban
7000.0,-500.0,41.6397913,41.6996017,urban
7000.0,0.0,41.6442879,41.6996017,urban
7000.0,500.0,41.6487845,41.6996017,urban
7000.0,1000.0,41.6532811,41.6996017,urban
7000.0,1500.0,41.6577777,41.6996017,urban
7000.0,2000.0,41.6622743,41.6996017,urban
7000.0,2500.0,41.6667709,41.6996017,urban
7000.0,3000.0,41.6712675,41.6996017,urban
7000.0,3500.0,41.6757642,41.6996017,urban
7000.0,4000.0,41.6802608,41.6996017,urban
7000.0,4500.0,41.6847574,41.6996017,urban
7000.0,5000.0,41.689254,41.6996017,urban
7000.0,5500.0,41.6937506,41.6996017,open
7000.0,6000.0,41.6982472,41.6996017,open
7000.0,6500.0,41.7027438,41.6996017,open
7000.0,7000.0,41.7072404,41.6996017,open
7000.0,7500.0,41.711737,41.6996017,open
7000.0,8000.0,41.7162336,41.6996017,open
7000.0,8500.0,41.7207302,41.6996017,open
7000.0,9000.0,41.7252268,41.6996017,open
7000.0,9500.0,41.7297235,41.6996017,open
7000.0,10000.0,41.7342201,41.6996017,open
7000.0,10500.0,41.7387167,41.6996017,open
7000.0,11000.0,41.7432133,41.6996017,open
7000.0,11500.0,41.7477099,41.6996017,open
7000.0,12000.0,41.7522065,41.6996017,open
7000.0,12500.0,41.7567031,41.6996017,open
7000.0,13000.0,41.7611997,41.6996017,open
7000.0,13500.0,41.7656963,41.6996017,open
7000.0,14000.0,41.7701929,41.6996017,open
7000.0,14500.0,41.7746895,41.6996017,open
7000.0,15000.0,41.7791861,41.6996017,open
7000.0,15500.0,41.7836827,41.6996017,open
7000.0,16000.0,41.7881794,41.6996017,open
7000.0,16500.0,41.792676,41.6996017,open
7000.0,17000.0,41.7971726,41.6996017,open
7000.0,17500.0,41.8016692,41.6996017,open
7000.0,18000.0,41.8061658,41.6996017,open
7000.0,18500.0,41.8106624,41.6996017,open
7000.0,19000.0,41.815159,41.6996017,open
7000.0,19500.0,41.8196556,41.6996017,open
7500.0,-16000.0,41.5003964,41.7056189,urban
7500.0,-15500.0,41.5048931,41.7056189,urban
7500.0,-15000.0,41.5093897,41.7056189,urban
7500.0,-14500.0,41.5138863,41.7056189,open
7500.0,-14000.0,41.5183829,41.7056189,open
7500.0,-13500.0,41.5228795,41.7056189,open
7500.0,-13000.0,41.5273761,41.7056189,open
7500.0,-12500.0,41.5318727,41.7056189,open
7500.0,-12000.0,41.5363693,41.7056189,open
7500.0,-11500.0,41.5408659,41.7056189,open
7500.0,-11000.0,41.5453625,41.7056189,water
7500.0,-10500.0,41.5498591,41.7056189,open
7500.0,-10000.0,41.5543557,41.7056189,open
7500.0,-9500.0,41.5588523,41.7056189,open
7500.0,-9000.0,41.563349,41.7056189,open
7500.0,-8500.0,41.5678456,41.7056189,open
7500.0,-8000.0,41.5723422,41.7056189,urban
7500.0,-7500.0,41.5768388,41.7056189,urban
7500.0,-7000.0,41.5813354,41.7056189,open
7500.0,-6500.0,41.585832,41.7056189,open
7500.0,-6000.0,41.5903286,41.7056189,open
7500.0,-5500.0,41.5948252,41.7056189,open
7500.0,-5000.0,41.5993218,41.7056189,open
7500.0,-4500.0,41.6038184,41.7056189,urban
7500.0,-4000.0,41.608315,41.7056189,urban
7500.0,-3500.0,41.6128116,41.7056189,urban
7500.0,-3000.0,41.6173083,41.7056189,urban
7500.0,-2500.0,41.6218049,41.7056189,urban
7500.0,-2000.0,41.6263015,41.7056189,urban
7500.0,-1500.0,41.6307981,41.7056189,urban
7500.0,-1000.0,41.6352947,41.7056189,urban
7500.0,-500.0,41.6397913,41.7056189,urban
7500.0,0.0,41.6442879,41.7056189,urban
7500.0,500.0,41.6487845,41.7056189,urban
7500.0,1000.0,41.6532811,41.7056189,urban
7500.0,1500.0,41.6577777,41.7056189,urban
7500.0,2000.0,41.6622743,41.7056189,urban
7500.0,2500.0,41.6667709,41.7056189,urban
7500.0,3000.0,41.6712675,41.7056189,urban
7500.0,3500.0,41.6757642,41.7056189,urban
7500.0,4000.0,41.6802608,41.7056189,urban
7500.0,4500.0,41.6847574,41.7056189,urban
7500.0,5000.0,41.689254,41.7056189,urban
7500.0,5500.0,41.6937506,41.7056189,urban
7500.0,6000.0,41.6982472,41.7056189,open
7500.0,6500.0,41.7027438,41.7056189,open
7500.0,7000.0,41.7072404,41.7056189,open
7500.0,7500.0,41.711737,41.7056189,open
7500.0,8000.0,41.7162336,41.7056189,open
7500.0,8500.0,41.7207302,41.7056189,open
7500.0,9000.0,41.7252268,41.7056189,open
7500.0,9500.0,41.7297235,41.7056189,open
7500.0,10000.0,41.7342201,41.7056189,open
7500.0,10500.0,41.7387167,41.7056189,open
7500.0,11000.0,41.7432133,41.7056189,open
7500.0,11500.0,41.7477099,41.7056189,open
7500.0,12000.0,41.7522065,41.7056189,open
7500.0,12500.0,41.7567031,41.7056189,open
7500.0,13000.0,41.7611997,41.7056189,open
7500.0,13500.0,41.7656963,41.7056189,open
7500.0,14000.0,41.7701929,41.7056189,open
7500.0,14500.0,41.7746895,41.7056189,open
7500.0,15000.0,41.7791861,41.7056189,open
7500.0,15500.0,41.7836827,41.7056189,open
7500.0,16000.0,41.7881794,41.7056189,open
7500.0,16500.0,41.792676,41.7056189,open
7500.0,17000.0,41.7971726,41.7056189,open
7500.0,17500.0,41.8016692,41.7056189,open
7500.0,18000.0,41.8061658,41.7056189,open
7500.0,18500.0,41.8106624,41.7056189,open
7500.0,19000.0,41.815159,41.7056189,open
7500.0,19500.0,41.8196556,41.7056189,open
8000.0,-16000.0,41.5003964,41.7116362,urban
8000.0,-15500.0,41.5048931,41.7116362,urban
8000.0,-15000.0,41.5093897,41.7116362,urban
8000.0,-14500.0,41.5138863,41.7116362,urban
8000.0,-14000.0,41.5183829,41.7116362,urban
8000.0,-13500.0,41.5228795,41.7116362,open
8000.0,-13000.0,41.5273761,41.7116362,urban
8000.0,-12500.0,41.5318727,41.7116362,urban
8000.0,-12000.0,41.5363693,41.7116362,open
8000.0,-11500.0,41.5408659,41.7116362,open
8000.0,-11000.0,41.5453625,41.7116362,urban
8000.0,-10500.0,41.5498591,41.7116362,urban
8000.0,-10000.0,41.5543557,41.7116362,open
8000.0,-9500.0,41.5588523,41.7116362,open
8000.0,-9000.0,41.563349,41.7116362,open
8000.0,-8500.0,41.5678456,41.7116362,open
8000.0,-8000.0,41.5723422,41.7116362,urban
8000.0,-7500.0,41.5768388,41.7116362,urban
8000.0,-7000.0,41.5813354,41.7116362,urban
8000.0,-6500.0,41.585832,41.7116362,open
8000.0,-6000.0,41.5903286,41.7116362,open
8000.0,-5500.0,41.5948252,41.7116362,open
8000.0,-5000.0,41.5993218,41.7116362,open
8000.0,-4500.0,41.6038184,41.7116362,open
8000.0,-4000.0,41.608315,41.7116362,urban
8000.0,-3500.0,41.6128116,41.7116362,urban
8000.0,-3000.0,41.6173083,41.7116362,urban
8000.0,-2500.0,41.6218049,41.7116362,urban
8000.0,-2000.0,41.6263015,41.7116362,urban
8000.0,-1500.0,41.6307981,41.7116362,urban
8000.0,-1000.0,41.6352947,41.7116362,urban
8000.0,-500.0,41.6397913,41.7116362,urban
8000.0,0.0,41.6442879,41.7116362,urban
8000.0,500.0,41.6487845,41.7116362,urban
8000.0,1000.0,41.6532811,41.7116362,urban
8000.0,1500.0,41.6577777,41.7116362,urban
8000.0,2000.0,41.6622743,41.7116362,urban
8000.0,2500.0,41.6667709,41.7116362,urban
8000.0,3000.0,41.6712675,41.7116362,urban
8000.0,3500.0,41.6757642,41.7116362,urban
8000.0,4000.0,41.6802608,41.7116362,urban
8000.0,4500.0,41.6847574,41.7116362,urban
8000.0,5000.0,41.689254,41.7116362,urban
8000.0,5500.0,41.6937506,41.7116362,urban
8000.0,6000.0,41.6982472,41.7116362,urban
8000.0,6500.0,41.7027438,41.7116362,open
8000.0,7000.0,41.7072404,41.7116362,open
8000.0,7500.0,41.711737,41.7116362,open
8000.0,8000.0,41.7162336,41.7116362,open
8000.0,8500.0,41.7207302,41.7116362,open
8000.0,9000.0,41.7252268,41.7116362,open
8000.0,9500.0,41.7297235,41.7116362,open
8000.0,10000.0,41.7342201,41.7116362,open
8000.0,10500.0,41.7387167,41.7116362,open
8000.0,11000.0,41.7432133,41.7116362,open
8000.0,11500.0,41.7477099,41.7116362,open
8000.0,12000.0,41.7522065,41.7116362,open
8000.0,12500.0,41.7567031,41.7116362,open
8000.0,13000.0,41.7611997,41.7116362,open
8000.0,13500.0,41.7656963,41.7116362,open
8000.0,14000.0,41.7701929,41.7116362,open
8000.0,14500.0,41.7746895,41.7116362,open
8000.0,15000.0,41.7791861,41.7116362,open
8000.0,15500.0,41.7836827,41.7116362,open
8000.0,16000.0,41.7881794,41.7116362,open
8000.0,16500.0,41.792676,41.7116362,open
8000.0,17000.0,41.7971726,41.7116362,open
8000.0,17500.0,41.8016692,41.7116362,open
8000.0,18000.0,41.8061658,41.7116362,open
8000.0,18500.0,41.8106624,41.7116362,open
8000.0,19000.0,41.815159,41.7116362,open
8000.0,19500.0,41.8196556,41.7116362,open
8500.0,-16000.0,41.5003964,41.7176535,urban
8500.0,-15500.0,41.5048931,41.7176535,open
8500.0,-15000.0,41.5093897,41.7176535,urban
8500.0,-14500.0,41.5138863,41.7176535,urban
8500.0,-14000.0,41.5183829,41.7176535,urban
8500.0,-13500.0,41.5228795,41.7176535,urban
8500.0,-13000.0,41.5273761,41.7176535,urban
8500.0,-12500.0,41.5318727,41.7176535,urban
8500.0,-12000.0,41.5363693,41.7176535,urban
8500.0,-11500.0,41.5408659,41.7176535,open
8500.0,-11000.0,41.5453625,41.7176535,urban
8500.0,-10500.0,41.5498591,41.7176535,urban
8500.0,-10000.0,41.5543557,41.7176535,urban
8500.0,-9500.0,41.5588523,41.7176535,open
8500.0,-9000.0,41.563349,41.7176535,open
8500.0,-8500.0,41.5678456,41.7176535,open
8500.0,-8000.0,41.5723422,41.7176535,urban
8500.0,-7500.0,41.5768388,41.7176535,urban
8500.0,-7000.0,41.5813354,41.7176535,urban
8500.0,-6500.0,41.585832,41.7176535,urban
8500.0,-6000.0,41.5903286,41.7176535,open
8500.0,-5500.0,41.5948252,41.7176535,open
8500.0,-5000.0,41.5993218,41.7176535,urban
8500.0,-4500.0,41.6038184,41.7176535,open
8500.0,-4000.0,41.608315,41.7176535,open
8500.0,-3500.0,41.6128116,41.7176535,urban
8500.0,-3000.0,41.6173083,41.7176535,urban
8500.0,-2500.0,41.6218049,41.7176535,urban
8500.0,-2000.0,41.6263015,41.7176535,urban
8500.0,-1500.0,41.6307981,41.7176535,urban
8500.0,-1000.0,41.6352947,41.7176535,urban
8500.0,-500.0,41.6397913,41.7176535,urban
8500.0,0.0,41.6442879,41.7176535,urban
8500.0,500.0,41.6487845,41.7176535,urban
8500.0,1000.0,41.6532811,41.7176535,urban
8500.0,1500.0,41.6577777,41.7176535,urban
8500.0,2000.0,41.6622743,41.7176535,urban
8500.0,2500.0,41.6667709,41.7176535,urban
8500.0,3000.0,41.6712675,41.7176535,urban
8500.0,3500.0,41.6757642,41.7176535,urban
8500.0,4000.0,41.6802608,41.7176535,urban
8500.0,4500.0,41.6847574,41.7176535,urban
8500.0,5000.0,41.689254,41.7176535,urban
8500.0,5500.0,41.6937506,41.7176535,urban
8500.0,6000.0,41.6982472,41.7176535,urban
8500.0,6500.0,41.7027438,41.7176535,urban
8500.0,7000.0,41.7072404,41.7176535,urban
8500.0,7500.0,41.711737,41.7176535,open
8500.0,8000.0,41.7162336,41.7176535,open
8500.0,8500.0,41.7207302,41.7176535,open
8500.0,9000.0,41.7252268,41.7176535,open
8500.0,9500.0,41.7297235,41.7176535,open
8500.0,10000.0,41.7342201,41.7176535,open
8500.0,10500.0,41.7387167,41.7176535,open
8500.0,11000.0,41.7432133,41.7176535,open
8500.0,11500.0,41.7477099,41.7176535,open
8500.0,12000.0,41.7522065,41.7176535,open
8500.0,12500.0,41.7567031,41.7176535,open
8500.0,13000.0,41.7611997,41.7176535,open
8500.0,13500.0,41.7656963,41.7176535,open
8500.0,14000.0,41.7701929,41.7176535,open
8500.0,14500.0,41.7746895,41.7176535,open
8500.0,15000.0,41.7791861,41.7176535,open
8500.0,15500.0,41.7836827,41.7176535,open
8500.0,16000.0,41.7881794,41.7176535,open
8500.0,16500.0,41.792676,41.7176535,open
8500.0,17000.0,41.7971726,41.7176535,open
8500.0,17500.0,41.8016692,41.7176535,open
8500.0,18000.0,41.8061658,41.7176535,open
8500.0,18500.0,41.8106624,41.7176535,open
8500.0,19000.0,41.815159,41.7176535,open
8500.0,19500.0,41.8196556,41.7176535,open
9000.0,-16000.0,41.5003964,41.7236707,urban
9000.0,-15500.0,41.5048931,41.7236707,open
9000.0,-15000.0,41.5093897,41.7236707,urban
9000.0,-14500.0,41.5138863,41.7236707,urban
9000.0,-14000.0,41.5183829,41.7236707,urban
9000.0,-13500.0,41.5228795,41.7236707,urban
9000.0,-13000.0,41.5273761,41.7236707,urban
9000.0,-12500.0,41.5318727,41.7236707,open
9000.0,-12000.0,41.5363693,41.7236707,open
9000.0,-11500.0,41.5408659,41.7236707,urban
9000.0,-11000.0,41.5453625,41.7236707,urban
9000.0,-10500.0,41.5498591,41.7236707,urban
9000.0,-10000.0,41.5543557,41.7236707,urban
9000.0,-9500.0,41.5588523,41.7236707,open
9000.0,-9000.0,41.563349,41.7236707,open
9000.0,-8500.0,41.5678456,41.7236707,open
9000.0,-8000.0,41.5723422,41.7236707,open
9000.0,-7500.0,41.5768388,41.7236707,open
9000.0,-7000.0,41.5813354,41.7236707,open
9000.0,-6500.0,41.585832,41.7236707,open
9000.0,-6000.0,41.5903286,41.7236707,open
9000.0,-5500.0,41.5948252,41.7236707,open
9000.0,-5000.0,41.5993218,41.7236707,open
9000.0,-4500.0,41.6038184,41.7236707,open
9000.0,-4000.0,41.608315,41.7236707,open
9000.0,-3500.0,41.6128116,41.7236707,urban
9000.0,-3000.0,41.6173083,41.7236707,urban
9000.0,-2500.0,41.6218049,41.7236707,open
9000.0,-2000.0,41.6263015,41.7236707,urban
9000.0,-1500.0,41.6307981,41.7236707,urban
9000.0,-1000.0,41.6352947,41.7236707,urban
9000.0,-500.0,41.6397913,41.7236707,urban
9000.0,0.0,41.6442879,41.7236707,urban
9000.0,500.0,41.6487845,41.7236707,urban
9000.0,1000.0,41.6532811,41.7236707,urban
9000.0,1500.0,41.6577777,41.7236707,urban
9000.0,2000.0,41.6622743,41.7236707,urban
9000.0,2500.0,41.6667709,41.7236707,urban
9000.0,3000.0,41.6712675,41.7236707,urban
9000.0,3500.0,41.6757642,41.7236707,urban
9000.0,4000.0,41.6802608,41.7236707,urban
9000.0,4500.0,41.6847574,41.7236707,urban
9000.0,5000.0,41.689254,41.7236707,urban
9000.0,5500.0,41.6937506,41.7236707,urban
9000.0,6000.0,41.6982472,41.7236707,urban
9000.0,6500.0,41.7027438,41.7236707,urban
9000.0,7000.0,41.7072404,41.7236707,urban
9000.0,7500.0,41.711737,41.7236707,urban
9000.0,8000.0,41.7162336,41.7236707,urban
9000.0,8500.0,41.7207302,41.7236707,urban
9000.0,9000.0,41.7252268,41.7236707,open
9000.0,9500.0,41.7297235,41.7236707,open
9000.0,10000.0,41.7342201,41.7236707,open
9000.0,10500.0,41.7387167,41.7236707,open
9000.0,11000.0,41.7432133,41.7236707,open
9000.0,11500.0,41.7477099,41.7236707,open
9000.0,12000.0,41.7522065,41.7236707,open
9000.0,12500.0,41.7567031,41.7236707,open
9000.0,13000.0,41.7611997,41.7236707,open
9000.0,13500.0,41.7656963,41.7236707,open
9000.0,14000.0,41.7701929,41.7236707,open
9000.0,14500.0,41.7746895,41.7236707,open
9000.0,15000.0,41.7791861,41.7236707,open
9000.0,15500.0,41.7836827,41.7236707,open
9000.0,16000.0,41.7881794,41.7236707,open
9000.0,16500.0,41.792676,41.7236707,open
9000.0,17000.0,41.7971726,41.7236707,open
9000.0,17500.0,41.8016692,41.7236707,open
9000.0,18000.0,41.8061658,41.7236707,open
9000.0,18500.0,41.8106624,41.7236707,open
9000.0,19000.0,41.815159,41.7236707,open
9000.0,19500.0,41.8196556,41.7236707,open
9500.0,-16000.0,41.5003964,41.729688,open
9500.0,-15500.0,41.5048931,41.729688,open
9500.0,-15000.0,41.5093897,41.729688,urban
9500.0,-14500.0,41.5138863,41.729688,urban
9500.0,-14000.0,41.5183829,41.729688,urban
9500.0,-13500.0,41.5228795,41.729688,open
9500.0,-13000.0,41.5273761,41.729688,urban
9500.0,-12500.0,41.5318727,41.729688,open
9500.0,-12000.0,41.5363693,41.729688,open
9500.0,-11500.0,41.5408659,41.729688,urban
9500.0,-11000.0,41.5453625,41.729688,urban
9500.0,-10500.0,41.5498591,41.729688,urban
9500.0,-10000.0,41.5543557,41.729688,urban
9500.0,-9500.0,41.5588523,41.729688,open
9500.0,-9000.0,41.563349,41.729688,open
9500.0,-8500.0,41.5678456,41.729688,open
9500.0,-8000.0,41.5723422,41.729688,open
9500.0,-7500.0,41.5768388,41.729688,open
9500.0,-7000.0,41.5813354,41.729688,open
9500.0,-6500.0,41.585832,41.729688,open
9500.0,-6000.0,41.5903286,41.729688,open
9500.0,-5500.0,41.5948252,41.729688,open
9500.0,-5000.0,41.5993218,41.729688,open
9500.0,-4500.0,41.6038184,41.729688,open
9500.0,-4000.0,41.608315,41.729688,open
9500.0,-3500.0,41.6128116,41.729688,open
9500.0,-3000.0,41.6173083,41.729688,open
9500.0,-2500.0,41.6218049,41.729688,open
9500.0,-2000.0,41.6263015,41.729688,urban
9500.0,-1500.0,41.6307981,41.729688,urban
9500.0,-1000.0,41.6352947,41.729688,urban
9500.0,-500.0,41.6397913,41.729688,urban
9500.0,0.0,41.6442879,41.729688,urban
9500.0,500.0,41.6487845,41.729688,urban
9500.0,1000.0,41.6532811,41.729688,urban
9500.0,1500.0,41.6577777,41.729688,urban
9500.0,2000.0,41.6622743,41.729688,urban
9500.0,2500.0,41.6667709,41.729688,urban
9500.0,3000.0,41.6712675,41.729688,urban
9500.0,3500.0,41.6757642,41.729688,urban
9500.0,4000.0,41.6802608,41.729688,urban
9500.0,4500.0,41.6847574,41.729688,urban
9500.0,5000.0,41.689254,41.729688,urban
9500.0,5500.0,41.6937506,41.729688,urban
9500.0,6000.0,41.6982472,41.729688,open
9500.0,6500.0,41.7027438,41.729688,open
9500.0,7000.0,41.7072404,41.729688,urban
9500.0,7500.0,41.711737,41.729688,urban
9500.0,8000.0,41.7162336,41.729688,urban
9500.0,8500.0,41.7207302,41.729688,urban
9500.0,9000.0,41.7252268,41.729688,urban
9500.0,9500.0,41.7297235,41.729688,urban
9500.0,10000.0,41.7342201,41.729688,urban
9500.0,10500.0,41.7387167,41.729688,open
9500.0,11000.0,41.7432133,41.729688,open
9500.0,11500.0,41.7477099,41.729688,open
9500.0,12000.0,41.7522065,41.729688,open
9500.0,12500.0,41.7567031,41.729688,open
9500.0,13000.0,41.7611997,41.729688,open
9500.0,13500.0,41.7656963,41.729688,open
9500.0,14000.0,41.7701929,41.729688,open
9500.0,14500.0,41.7746895,41.729688,open
9500.0,15000.0,41.7791861,41.729688,open
9500.0,15500.0,41.7836827,41.729688,open
9500.0,16000.0,41.7881794,41.729688,open
9500.0,16500.0,41.792676,41.729688,open
9500.0,17000.0,41.7971726,41.729688,open
9500.0,17500.0,41.8016692,41.729688,open
9500.0,18000.0,41.8061658,41.729688,open
9500.0,18500.0,41.8106624,41.729688,open
9500.0,19000.0,41.815159,41.729688,open
9500.0,19500.0,41.8196556,41.729688,open
10000.0,-16000.0,41.5003964,41.7357052,open
10000.0,-15500.0,41.5048931,41.7357052,open
10000.0,-15000.0,41.5093897,41.7357052,urban
10000.0,-14500.0,41.5138863,41.7357052,urban
10000.0,-14000.0,41.5183829,41.7357052,open
10000.0,-13500.0,41.5228795,41.7357052,open
10000.0,-13000.0,41.5273761,41.7357052,open
10000.0,-12500.0,41.5318727,41.7357052,open
10000.0,-12000.0,41.5363693,41.7357052,urban
10000.0,-11500.0,41.5408659,41.7357052,urban
10000.0,-11000.0,41.5453625,41.7357052,urban
10000.0,-10500.0,41.5498591,41.7357052,urban
10000.0,-10000.0,41.5543557,41.7357052,open
10000.0,-9500.0,41.5588523,41.7357052,open
10000.0,-9000.0,41.563349,41.7357052,open
10000.0,-8500.0,41.5678456,41.7357052,open
10000.0,-8000.0,41.5723422,41.7357052,open
10000.0,-7500.0,41.5768388,41.7357052,open
10000.0,-7000.0,41.5813354,41.7357052,open
10000.0,-6500.0,41.585832,41.7357052,open
10000.0,-6000.0,41.5903286,41.7357052,open
10000.0,-5500.0,41.5948252,41.7357052,open
10000.0,-5000.0,41.5993218,41.7357052,open
10000.0,-4500.0,41.6038184,41.7357052,open
10000.0,-4000.0,41.608315,41.7357052,open
10000.0,-3500.0,41.6128116,41.7357052,open
10000.0,-3000.0,41.6173083,41.7357052,open
10000.0,-2500.0,41.6218049,41.7357052,open
10000.0,-2000.0,41.6263015,41.7357052,urban
10000.0,-1500.0,41.6307981,41.7357052,urban
10000.0,-1000.0,41.6352947,41.7357052,urban
10000.0,-500.0,41.6397913,41.7357052,urban
10000.0,0.0,41.6442879,41.7357052,urban
10000.0,500.0,41.6487845,41.7357052,urban
10000.0,1000.0,41.6532811,41.7357052,urban
10000.0,1500.0,41.6577777,41.7357052,urban
10000.0,2000.0,41.6622743,41.7357052,urban
10000.0,2500.0,41.6667709,41.7357052,urban
10000.0,3000.0,41.6712675,41.7357052,open
10000.0,3500.0,41.6757642,41.7357052,urban
10000.0,4000.0,41.6802608,41.7357052,urban
10000.0,4500.0,41.6847574,41.7357052,urban
10000.0,5000.0,41.689254,41.7357052,urban
10000.0,5500.0,41.6937506,41.7357052,urban
10000.0,6000.0,41.6982472,41.7357052,urban
10000.0,6500.0,41.7027438,41.7357052,urban
10000.0,7000.0,41.7072404,41.7357052,urban
10000.0,7500.0,41.711737,41.7357052,urban
10000.0,8000.0,41.7162336,41.7357052,urban
10000.0,8500.0,41.7207302,41.7357052,urban
10000.0,9000.0,41.7252268,41.7357052,urban
10000.0,9500.0,41.7297235,41.7357052,urban
10000.0,10000.0,41.7342201,41.7357052,urban
10000.0,10500.0,41.7387167,41.7357052,urban
10000.0,11000.0,41.7432133,41.7357052,urban
10000.0,11500.0,41.7477099,41.7357052,urban
10000.0,12000.0,41.7522065,41.7357052,open
10000.0,12500.0,41.7567031,41.7357052,open
10000.0,13000.0,41.7611997,41.7357052,open
10000.0,13500.0,41.7656963,41.7357052,open
10000.0,14000.0,41.7701929,41.7357052,open
10000.0,14500.0,41.7746895,41.7357052,open
10000.0,15000.0,41.7791861,41.7357052,open
10000.0,15500.0,41.7836827,41.7357052,open
10000.0,16000.0,41.7881794,41.7357052,open
10000.0,16500.0,41.792676,41.7357052,open
10000.0,17000.0,41.7971726,41.7357052,open
10000.0,17500.0,41.8016692,41.7357052,open
10000.0,18000.0,41.8061658,41.7357052,open
10000.0,18500.0,41.8106624,41.7357052,open
10000.0,19000.0,41.815159,41.7357052,open
10000.0,19500.0,41.8196556,41.7357052,open
10500.0,-16000.0,41.5003964,41.7417225,open
10500.0,-15500.0,41.5048931,41.7417225,open
10500.0,-15000.0,41.5093897,41.7417225,urban
10500.0,-14500.0,41.5138863,41.7417225,urban
10500.0,-14000.0,41.5183829,41.7417225,urban
10500.0,-13500.0,41.5228795,41.7417225,open
10500.0,-13000.0,41.5273761,41.7417225,open
10500.0,-12500.0,41.5318727,41.7417225,open
10500.0,-12000.0,41.5363693,41.7417225,urban
10500.0,-11500.0,41.5408659,41.7417225,urban
10500.0,-11000.0,41.5453625,41.7417225,urban
10500.0,-10500.0,41.5498591,41.7417225,urban
10500.0,-10000.0,41.5543557,41.7417225,urban
10500.0,-9500.0,41.5588523,41.7417225,urban
10500.0,-9000.0,41.563349,41.7417225,urban
10500.0,-8500.0,41.5678456,41.7417225,open
10500.0,-8000.0,41.5723422,41.7417225,open
10500.0,-7500.0,41.5768388,41.7417225,open
10500.0,-7000.0,41.5813354,41.7417225,open
10500.0,-6500.0,41.585832,41.7417225,open
10500.0,-6000.0,41.5903286,41.7417225,open
10500.0,-5500.0,41.5948252,41.7417225,open
10500.0,-5000.0,41.5993218,41.7417225,open
10500.0,-4500.0,41.6038184,41.7417225,open
10500.0,-4000.0,41.608315,41.7417225,open
10500.0,-3500.0,41.6128116,41.7417225,open
10500.0,-3000.0,41.6173083,41.7417225,open
10500.0,-2500.0,41.6218049,41.7417225,open
10500.0,-2000.0,41.6263015,41.7417225,open
10500.0,-1500.0,41.6307981,41.7417225,urban
10500.0,-1000.0,41.6352947,41.7417225,urban
10500.0,-500.0,41.6397913,41.7417225,urban
10500.0,0.0,41.6442879,41.7417225,urban
10500.0,500.0,41.6487845,41.7417225,urban
10500.0,1000.0,41.6532811,41.7417225,urban
10500.0,1500.0,41.6577777,41.7417225,urban
10500.0,2000.0,41.6622743,41.7417225,open
10500.0,2500.0,41.6667709,41.7417225,open
10500.0,3000.0,41.6712675,41.7417225,open
10500.0,3500.0,41.6757642,41.7417225,open
10500.0,4000.0,41.6802608,41.7417225,open
10500.0,4500.0,41.6847574,41.7417225,urban
10500.0,5000.0,41.689254,41.7417225,open
10500.0,5500.0,41.6937506,41.7417225,open
10500.0,6000.0,41.6982472,41.7417225,urban
10500.0,6500.0,41.7027438,41.7417225,open
10500.0,7000.0,41.7072404,41.7417225,urban
10500.0,7500.0,41.711737,41.7417225,urban
10500.0,8000.0,41.7162336,41.7417225,urban
10500.0,8500.0,41.7207302,41.7417225,urban
10500.0,9000.0,41.7252268,41.7417225,urban
10500.0,9500.0,41.7297235,41.7417225,urban
10500.0,10000.0,41.7342201,41.7417225,urban
10500.0,10500.0,41.7387167,41.7417225,urban
10500.0,11000.0,41.7432133,41.7417225,urban
10500.0,11500.0,41.7477099,41.7417225,urban
10500.0,12000.0,41.7522065,41.7417225,urban
10500.0,12500.0,41.7567031,41.7417225,urban
10500.0,13000.0,41.7611997,41.7417225,open
10500.0,13500.0,41.7656963,41.7417225,open
10500.0,14000.0,41.7701929,41.7417225,open
10500.0,14500.0,41.7746895,41.7417225,open
10500.0,15000.0,41.7791861,41.7417225,open
10500.0,15500.0,41.7836827,41.7417225,open
10500.0,16000.0,41.7881794,41.7417225,open
10500.0,16500.0,41.792676,41.7417225,open
10500.0,17000.0,41.7971726,41.7417225,open
10500.0,17500.0,41.8016692,41.7417225,open
10500.0,18000.0,41.8061658,41.7417225,open
10500.0,18500.0,41.8106624,41.7417225,open
10500.0,19000.0,41.815159,41.7417225,open
10500.0,19500.0,41.8196556,41.7417225,open
11000.0,-16000.0,41.5003964,41.7477398,open
11000.0,-15500.0,41.5048931,41.7477398,open
11000.0,-15000.0,41.5093897,41.7477398,urban
11000.0,-14500.0,41.5138863,41.7477398,urban
11000.0,-14000.0,41.5183829,41.7477398,open
11000.0,-13500.0,41.5228795,41.7477398,open
11000.0,-13000.0,41.5273761,41.7477398,open
11000.0,-12500.0,41.5318727,41.7477398,open
11000.0,-12000.0,41.5363693,41.7477398,open
11000.0,-11500.0,41.5408659,41.7477398,open
11000.0,-11000.0,41.5453625,41.7477398,open
11000.0,-10500.0,41.5498591,41.7477398,urban
11000.0,-10000.0,41.5543557,41.7477398,urban
11000.0,-9500.0,41.5588523,41.7477398,urban
11000.0,-9000.0,41.563349,41.7477398,urban
11000.0,-8500.0,41.5678456,41.7477398,open
11000.0,-8000.0,41.5723422,41.7477398,open
11000.0,-7500.0,41.5768388,41.7477398,open
11000.0,-7000.0,41.5813354,41.7477398,open
11000.0,-6500.0,41.585832,41.7477398,open
11000.0,-6000.0,41.5903286,41.7477398,open
11000.0,-5500.0,41.5948252,41.7477398,open
11000.0,-5000.0,41.5993218,41.7477398,open
11000.0,-4500.0,41.6038184,41.7477398,open
11000.0,-4000.0,41.608315,41.7477398,open
11000.0,-3500.0,41.6128116,41.7477398,open
11000.0,-3000.0,41.6173083,41.7477398,open
11000.0,-2500.0,41.6218049,41.7477398,open
11000.0,-2000.0,41.6263015,41.7477398,open
11000.0,-1500.0,41.6307981,41.7477398,open
11000.0,-1000.0,41.6352947,41.7477398,urban
11000.0,-500.0,41.6397913,41.7477398,urban
11000.0,0.0,41.6442879,41.7477398,urban
11000.0,500.0,41.6487845,41.7477398,urban
11000.0,1000.0,41.6532811,41.7477398,open
11000.0,1500.0,41.6577777,41.7477398,open
11000.0,2000.0,41.6622743,41.7477398,open
11000.0,2500.0,41.6667709,41.7477398,open
11000.0,3000.0,41.6712675,41.7477398,open
11000.0,3500.0,41.6757642,41.7477398,open
11000.0,4000.0,41.6802608,41.7477398,open
11000.0,4500.0,41.6847574,41.7477398,open
11000.0,5000.0,41.689254,41.7477398,open
11000.0,5500.0,41.6937506,41.7477398,open
11000.0,6000.0,41.6982472,41.7477398,open
11000.0,6500.0,41.7027438,41.7477398,open
11000.0,7000.0,41.7072404,41.7477398,urban
11000.0,7500.0,41.711737,41.7477398,urban
11000.0,8000.0,41.7162336,41.7477398,urban
11000.0,8500.0,41.7207302,41.7477398,urban
11000.0,9000.0,41.7252268,41.7477398,urban
11000.0,9500.0,41.7297235,41.7477398,urban
11000.0,10000.0,41.7342201,41.7477398,urban
11000.0,10500.0,41.7387167,41.7477398,urban
11000.0,11000.0,41.7432133,41.7477398,urban
11000.0,11500.0,41.7477099,41.7477398,urban
11000.0,12000.0,41.7522065,41.7477398,urban
11000.0,12500.0,41.7567031,41.7477398,urban
11000.0,13000.0,41.7611997,41.7477398,urban
11000.0,13500.0,41.7656963,41.7477398,open
11000.0,14000.0,41.7701929,41.7477398,open
11000.0,14500.0,41.7746895,41.7477398,open
11000.0,15000.0,41.7791861,41.7477398,open
11000.0,15500.0,41.7836827,41.7477398,open
11000.0,16000.0,41.7881794,41.7477398,open
11000.0,16500.0,41.792676,41.7477398,open
11000.0,17000.0,41.7971726,41.7477398,open
11000.0,17500.0,41.8016692,41.7477398,open
11000.0,18000.0,41.8061658,41.7477398,open
11000.0,18500.0,41.8106624,41.7477398,open
11000.0,19000.0,41.815159,41.7477398,open
11000.0,19500.0,41.8196556,41.7477398,open
11500.0,-16000.0,41.5003964,41.753757,open
11500.0,-15500.0,41.5048931,41.753757,urban
11500.0,-15000.0,41.5093897,41.753757,urban
11500.0,-14500.0,41.5138863,41.753757,urban
11500.0,-14000.0,41.5183829,41.753757,urban
11500.0,-13500.0,41.5228795,41.753757,open
11500.0,-13000.0,41.5273761,41.753757,open
11500.0,-12500.0,41.5318727,41.753757,open
11500.0,-12000.0,41.5363693,41.753757,open
11500.0,-11500.0,41.5408659,41.753757,urban
11500.0,-11000.0,41.5453625,41.753757,urban
11500.0,-10500.0,41.5498591,41.753757,open
11500.0,-10000.0,41.5543557,41.753757,open
11500.0,-9500.0,41.5588523,41.753757,open
11500.0,-9000.0,41.563349,41.753757,open
11500.0,-8500.0,41.5678456,41.753757,open
11500.0,-8000.0,41.5723422,41.753757,open
11500.0,-7500.0,41.5768388,41.753757,open
11500.0,-7000.0,41.5813354,41.753757,open
11500.0,-6500.0,41.585832,41.753757,open
11500.0,-6000.0,41.5903286,41.753757,open
11500.0,-5500.0,41.5948252,41.753757,open
11500.0,-5000.0,41.5993218,41.753757,open
11500.0,-4500.0,41.6038184,41.753757,open
11500.0,-4000.0,41.608315,41.753757,open
11500.0,-3500.0,41.6128116,41.753757,open
11500.0,-3000.0,41.6173083,41.753757,open
11500.0,-2500.0,41.6218049,41.753757,open
11500.0,-2000.0,41.6263015,41.753757,open
11500.0,-1500.0,41.6307981,41.753757,open
11500.0,-1000.0,41.6352947,41.753757,open
11500.0,-500.0,41.6397913,41.753757,urban
11500.0,0.0,41.6442879,41.753757,urban
11500.0,500.0,41.6487845,41.753757,urban
11500.0,1000.0,41.6532811,41.753757,urban
11500.0,1500.0,41.6577777,41.753757,open
11500.0,2000.0,41.6622743,41.753757,open
11500.0,2500.0,41.6667709,41.753757,open
11500.0,3000.0,41.6712675,41.753757,open
11500.0,3500.0,41.6757642,41.753757,open
11500.0,4000.0,41.6802608,41.753757,open
11500.0,4500.0,41.6847574,41.753757,open
11500.0,5000.0,41.689254,41.753757,open
11500.0,5500.0,41.6937506,41.753757,open
11500.0,6000.0,41.6982472,41.753757,urban
11500.0,6500.0,41.7027438,41.753757,urban
11500.0,7000.0,41.7072404,41.753757,urban
11500.0,7500.0,41.711737,41.753757,open
11500.0,8000.0,41.7162336,41.753757,urban
11500.0,8500.0,41.7207302,41.753757,urban
11500.0,9000.0,41.7252268,41.753757,urban
11500.0,9500.0,41.7297235,41.753757,urban
11500.0,10000.0,41.7342201,41.753757,urban
11500.0,10500.0,41.7387167,41.753757,urban
11500.0,11000.0,41.7432133,41.753757,urban
11500.0,11500.0,41.7477099,41.753757,urban
11500.0,12000.0,41.7522065,41.753757,urban
11500.0,12500.0,41.7567031,41.753757,urban
11500.0,13000.0,41.7611997,41.753757,urban
11500.0,13500.0,41.7656963,41.753757,urban
11500.0,14000.0,41.7701929,41.753757,urban
11500.0,14500.0,41.7746895,41.753757,urban
11500.0,15000.0,41.7791861,41.753757,open
11500.0,15500.0,41.7836827,41.753757,open
11500.0,16000.0,41.7881794,41.753757,open
11500.0,16500.0,41.792676,41.753757,open
11500.0,17000.0,41.7971726,41.753757,open
11500.0,17500.0,41.8016692,41.753757,open
11500.0,18000.0,41.8061658,41.753757,open
11500.0,18500.0,41.8106624,41.753757,open
11500.0,19000.0,41.815159,41.753757,open
11500.0,19500.0,41.8196556,41.753757,open
12000.0,-16000.0,41.5003964,41.7597743,open
12000.0,-15500.0,41.5048931,41.7597743,urban
12000.0,-15000.0,41.5093897,41.7597743,urban
12000.0,-14500.0,41.5138863,41.7597743,urban
12000.0,-14000.0,41.5183829,41.7597743,open
12000.0,-13500.0,41.5228795,41.7597743,open
12000.0,-13000.0,41.5273761,41.7597743,open
12000.0,-12500.0,41.5318727,41.7597743,open
12000.0,-12000.0,41.5363693,41.7597743,urban
12000.0,-11500.0,41.5408659,41.7597743,urban
12000.0,-11000.0,41.5453625,41.7597743,urban
12000.0,-10500.0,41.5498591,41.7597743,urban
12000.0,-10000.0,41.5543557,41.7597743,open
12000.0,-9500.0,41.5588523,41.7597743,open
12000.0,-9000.0,41.563349,41.7597743,open
12000.0,-8500.0,41.5678456,41.7597743,open
12000.0,-8000.0,41.5723422,41.7597743,open
12000.0,-7500.0,41.5768388,41.7597743,open
12000.0,-7000.0,41.5813354,41.7597743,open
12000.0,-6500.0,41.585832,41.7597743,open
12000.0,-6000.0,41.5903286,41.7597743,open
12000.0,-5500.0,41.5948252,41.7597743,open
12000.0,-5000.0,41.5993218,41.7597743,open
12000.0,-4500.0,41.6038184,41.7597743,open
12000.0,-4000.0,41.608315,41.7597743,open
12000.0,-3500.0,41.6128116,41.7597743,open
12000.0,-3000.0,41.6173083,41.7597743,open
12000.0,-2500.0,41.6218049,41.7597743,open
12000.0,-2000.0,41.6263015,41.7597743,open
12000.0,-1500.0,41.6307981,41.7597743,open
12000.0,-1000.0,41.6352947,41.7597743,open
12000.0,-500.0,41.6397913,41.7597743,urban
12000.0,0.0,41.6442879,41.7597743,urban
12000.0,500.0,41.6487845,41.7597743,open
12000.0,1000.0,41.6532811,41.7597743,open
12000.0,1500.0,41.6577777,41.7597743,urban
12000.0,2000.0,41.6622743,41.7597743,open
12000.0,2500.0,41.6667709,41.7597743,open
12000.0,3000.0,41.6712675,41.7597743,open
12000.0,3500.0,41.6757642,41.7597743,open
12000.0,4000.0,41.6802608,41.7597743,open
12000.0,4500.0,41.6847574,41.7597743,open
12000.0,5000.0,41.689254,41.7597743,urban
12000.0,5500.0,41.6937506,41.7597743,urban
12000.0,6000.0,41.6982472,41.7597743,urban
12000.0,6500.0,41.7027438,41.7597743,urban
12000.0,7000.0,41.7072404,41.7597743,urban
12000.0,7500.0,41.711737,41.7597743,urban
12000.0,8000.0,41.7162336,41.7597743,urban
12000.0,8500.0,41.7207302,41.7597743,urban
12000.0,9000.0,41.7252268,41.7597743,urban
12000.0,9500.0,41.7297235,41.7597743,urban
12000.0,10000.0,41.7342201,41.7597743,urban
12000.0,10500.0,41.7387167,41.7597743,open
12000.0,11000.0,41.7432133,41.7597743,open
12000.0,11500.0,41.7477099,41.7597743,urban
12000.0,12000.0,41.7522065,41.7597743,urban
12000.0,12500.0,41.7567031,41.7597743,urban
12000.0,13000.0,41.7611997,41.7597743,urban
12000.0,13500.0,41.7656963,41.7597743,urban
12000.0,14000.0,41.7701929,41.7597743,urban
12000.0,14500.0,41.7746895,41.7597743,urban
12000.0,15000.0,41.7791861,41.7597743,forest
12000.0,15500.0,41.7836827,41.7597743,urban
12000.0,16000.0,41.7881794,41.7597743,open
12000.0,16500.0,41.792676,41.7597743,open
12000.0,17000.0,41.7971726,41.7597743,open
12000.0,17500.0,41.8016692,41.7597743,open
12000.0,18000.0,41.8061658,41.7597743,open
12000.0,18500.0,41.8106624,41.7597743,open
12000.0,19000.0,41.815159,41.7597743,open
12000.0,19500.0,41.8196556,41.7597743,open
12500.0,-16000.0,41.5003964,41.7657916,open
12500.0,-15500.0,41.5048931,41.7657916,open
12500.0,-15000.0,41.5093897,41.7657916,urban
12500.0,-14500.0,41.5138863,41.7657916,urban
12500.0,-14000.0,41.5183829,41.7657916,open
12500.0,-13500.0,41.5228795,41.7657916,open
12500.0,-13000.0,41.5273761,41.7657916,urban
12500.0,-12500.0,41.5318727,41.7657916,open
12500.0,-12000.0,41.5363693,41.7657916,open
12500.0,-11500.0,41.5408659,41.7657916,open
12500.0,-11000.0,41.5453625,41.7657916,urban
12500.0,-10500.0,41.5498591,41.7657916,urban
12500.0,-10000.0,41.5543557,41.7657916,open
12500.0,-9500.0,41.5588523,41.7657916,open
12500.0,-9000.0,41.563349,41.7657916,open
12500.0,-8500.0,41.5678456,41.7657916,open
12500.0,-8000.0,41.5723422,41.7657916,open
12500.0,-7500.0,41.5768388,41.7657916,open
12500.0,-7000.0,41.5813354,41.7657916,open
12500.0,-6500.0,41.585832,41.7657916,open
12500.0,-6000.0,41.5903286,41.7657916,open
12500.0,-5500.0,41.5948252,41.7657916,open
12500.0,-5000.0,41.5993218,41.7657916,open
12500.0,-4500.0,41.6038184,41.7657916,open
12500.0,-4000.0,41.608315,41.7657916,open
12500.0,-3500.0,41.6128116,41.7657916,open
12500.0,-3000.0,41.6173083,41.7657916,open
12500.0,-2500.0,41.6218049,41.7657916,open
12500.0,-2000.0,41.6263015,41.7657916,open
12500.0,-1500.0,41.6307981,41.7657916,open
12500.0,-1000.0,41.6352947,41.7657916,open
12500.0,-500.0,41.6397913,41.7657916,open
12500.0,0.0,41.6442879,41.7657916,open
12500.0,500.0,41.6487845,41.7657916,open
12500.0,1000.0,41.6532811,41.7657916,open
12500.0,1500.0,41.6577777,41.7657916,open
12500.0,2000.0,41.6622743,41.7657916,open
12500.0,2500.0,41.6667709,41.7657916,open
12500.0,3000.0,41.6712675,41.7657916,open
12500.0,3500.0,41.6757642,41.7657916,open
12500.0,4000.0,41.6802608,41.7657916,open
12500.0,4500.0,41.6847574,41.7657916,urban
12500.0,5000.0,41.689254,41.7657916,urban
12500.0,5500.0,41.6937506,41.7657916,open
12500.0,6000.0,41.6982472,41.7657916,urban
12500.0,6500.0,41.7027438,41.7657916,urban
12500.0,7000.0,41.7072404,41.7657916,urban
12500.0,7500.0,41.711737,41.7657916,urban
12500.0,8000.0,41.7162336,41.7657916,urban
12500.0,8500.0,41.7207302,41.7657916,urban
12500.0,9000.0,41.7252268,41.7657916,urban
12500.0,9500.0,41.7297235,41.7657916,urban
12500.0,10000.0,41.7342201,41.7657916,open
12500.0,10500.0,41.7387167,41.7657916,open
12500.0,11000.0,41.7432133,41.7657916,open
12500.0,11500.0,41.7477099,41.7657916,urban
12500.0,12000.0,41.7522065,41.7657916,urban
12500.0,12500.0,41.7567031,41.7657916,urban
12500.0,13000.0,41.7611997,41.7657916,urban
12500.0,13500.0,41.7656963,41.7657916,urban
12500.0,14000.0,41.7701929,41.7657916,urban
12500.0,14500.0,41.7746895,41.7657916,urban
12500.0,15000.0,41.7791861,41.7657916,urban
12500.0,15500.0,41.7836827,41.7657916,urban
12500.0,16000.0,41.7881794,41.7657916,urban
12500.0,16500.0,41.792676,41.7657916,urban
12500.0,17000.0,41.7971726,41.7657916,urban
12500.0,17500.0,41.8016692,41.7657916,open
12500.0,18000.0,41.8061658,41.7657916,open
12500.0,18500.0,41.8106624,41.7657916,open
12500.0,19000.0,41.815159,41.7657916,open
12500.0,19500.0,41.8196556,41.7657916,open
13000.0,-16000.0,41.5003964,41.7718088,open
13000.0,-15500.0,41.5048931,41.7718088,open
13000.0,-15000.0,41.5093897,41.7718088,urban
13000.0,-14500.0,41.5138863,41.7718088,urban
13000.0,-14000.0,41.5183829,41.7718088,open
13000.0,-13500.0,41.5228795,41.7718088,urban
13000.0,-13000.0,41.5273761,41.7718088,open
13000.0,-12500.0,41.5318727,41.7718088,open
13000.0,-12000.0,41.5363693,41.7718088,open
13000.0,-11500.0,41.5408659,41.7718088,open
13000.0,-11000.0,41.5453625,41.7718088,urban
13000.0,-10500.0,41.5498591,41.7718088,urban
13000.0,-10000.0,41.5543557,41.7718088,urban
13000.0,-9500.0,41.5588523,41.7718088,urban
13000.0,-9000.0,41.563349,41.7718088,open
13000.0,-8500.0,41.5678456,41.7718088,open
13000.0,-8000.0,41.5723422,41.7718088,open
13000.0,-7500.0,41.5768388,41.7718088,open
13000.0,-7000.0,41.5813354,41.7718088,open
13000.0,-6500.0,41.585832,41.7718088,open
13000.0,-6000.0,41.5903286,41.7718088,open
13000.0,-5500.0,41.5948252,41.7718088,open
13000.0,-5000.0,41.5993218,41.7718088,open
13000.0,-4500.0,41.6038184,41.7718088,open
13000.0,-4000.0,41.608315,41.7718088,open
13000.0,-3500.0,41.6128116,41.7718088,open
13000.0,-3000.0,41.6173083,41.7718088,open
13000.0,-2500.0,41.6218049,41.7718088,open
13000.0,-2000.0,41.6263015,41.7718088,open
13000.0,-1500.0,41.6307981,41.7718088,open
13000.0,-1000.0,41.6352947,41.7718088,open
13000.0,-500.0,41.6397913,41.7718088,open
13000.0,0.0,41.6442879,41.7718088,open
13000.0,500.0,41.6487845,41.7718088,open
13000.0,1000.0,41.6532811,41.7718088,open
13000.0,1500.0,41.6577777,41.7718088,open
13000.0,2000.0,41.6622743,41.7718088,open
13000.0,2500.0,41.6667709,41.7718088,open
13000.0,3000.0,41.6712675,41.7718088,open
13000.0,3500.0,41.6757642,41.7718088,open
13000.0,4000.0,41.6802608,41.7718088,open
13000.0,4500.0,41.6847574,41.7718088,open
13000.0,5000.0,41.689254,41.7718088,urban
13000.0,5500.0,41.6937506,41.7718088,urban
13000.0,6000.0,41.6982472,41.7718088,urban
13000.0,6500.0,41.7027438,41.7718088,urban
13000.0,7000.0,41.7072404,41.7718088,urban
13000.0,7500.0,41.711737,41.7718088,urban
13000.0,8000.0,41.7162336,41.7718088,urban
13000.0,8500.0,41.7207302,41.7718088,urban
13000.0,9000.0,41.7252268,41.7718088,urban
13000.0,9500.0,41.7297235,41.7718088,urban
13000.0,10000.0,41.7342201,41.7718088,urban
13000.0,10500.0,41.7387167,41.7718088,urban
13000.0,11000.0,41.7432133,41.7718088,urban
13000.0,11500.0,41.7477099,41.7718088,urban
13000.0,12000.0,41.7522065,41.7718088,urban
13000.0,12500.0,41.7567031,41.7718088,urban
13000.0,13000.0,41.7611997,41.7718088,urban
13000.0,13500.0,41.7656963,41.7718088,urban
13000.0,14000.0,41.7701929,41.7718088,urban
13000.0,14500.0,41.7746895,41.7718088,urban
13000.0,15000.0,41.7791861,41.7718088,open
13000.0,15500.0,41.7836827,41.7718088,urban
13000.0,16000.0,41.7881794,41.7718088,open
13000.0,16500.0,41.792676,41.7718088,urban
13000.0,17000.0,41.7971726,41.7718088,urban
13000.0,17500.0,41.8016692,41.7718088,urban
13000.0,18000.0,41.8061658,41.7718088,urban
13000.0,18500.0,41.8106624,41.7718088,urban
13000.0,19000.0,41.815159,41.7718088,urban
13000.0,19500.0,41.8196556,41.7718088,urban
13500.0,-16000.0,41.5003964,41.7778261,open
13500.0,-15500.0,41.5048931,41.7778261,open
13500.0,-15000.0,41.5093897,41.7778261,urban
13500.0,-14500.0,41.5138863,41.7778261,urban
13500.0,-14000.0,41.5183829,41.7778261,open
13500.0,-13500.0,41.5228795,41.7778261,urban
13500.0,-13000.0,41.5273761,41.7778261,urban
13500.0,-12500.0,41.5318727,41.7778261,open
13500.0,-12000.0,41.5363693,41.7778261,open
13500.0,-11500.0,41.5408659,41.7778261,urban
13500.0,-11000.0,41.5453625,41.7778261,urban
13500.0,-10500.0,41.5498591,41.7778261,urban
13500.0,-10000.0,41.5543557,41.7778261,urban
13500.0,-9500.0,41.5588523,41.7778261,urban
13500.0,-9000.0,41.563349,41.7778261,open
13500.0,-8500.0,41.5678456,41.7778261,open
13500.0,-8000.0,41.5723422,41.7778261,open
13500.0,-7500.0,41.5768388,41.7778261,open
13500.0,-7000.0,41.5813354,41.7778261,open
13500.0,-6500.0,41.585832,41.7778261,open
13500.0,-6000.0,41.5903286,41.7778261,open
13500.0,-5500.0,41.5948252,41.7778261,open
13500.0,-5000.0,41.5993218,41.7778261,open
13500.0,-4500.0,41.6038184,41.7778261,open
13500.0,-4000.0,41.608315,41.7778261,open
13500.0,-3500.0,41.6128116,41.7778261,open
13500.0,-3000.0,41.6173083,41.7778261,open
13500.0,-2500.0,41.6218049,41.7778261,open
13500.0,-2000.0,41.6263015,41.7778261,open
13500.0,-1500.0,41.6307981,41.7778261,open
13500.0,-1000.0,41.6352947,41.7778261,open
13500.0,-500.0,41.6397913,41.7778261,open
13500.0,0.0,41.6442879,41.7778261,open
13500.0,500.0,41.6487845,41.7778261,open
13500.0,1000.0,41.6532811,41.7778261,open
13500.0,1500.0,41.6577777,41.7778261,open
13500.0,2000.0,41.6622743,41.7778261,open
13500.0,2500.0,41.6667709,41.7778261,open
13500.0,3000.0,41.6712675,41.7778261,open
13500.0,3500.0,41.6757642,41.7778261,open
13500.0,4000.0,41.6802608,41.7778261,open
13500.0,4500.0,41.6847574,41.7778261,urban
13500.0,5000.0,41.689254,41.7778261,urban
13500.0,5500.0,41.6937506,41.7778261,open
13500.0,6000.0,41.6982472,41.7778261,urban
13500.0,6500.0,41.7027438,41.7778261,urban
13500.0,7000.0,41.7072404,41.7778261,urban
13500.0,7500.0,41.711737,41.7778261,urban
13500.0,8000.0,41.7162336,41.7778261,urban
13500.0,8500.0,41.7207302,41.7778261,urban
13500.0,9000.0,41.7252268,41.7778261,urban
13500.0,9500.0,41.7297235,41.7778261,urban
13500.0,10000.0,41.7342201,41.7778261,open
13500.0,10500.0,41.7387167,41.7778261,urban
13500.0,11000.0,41.7432133,41.7778261,urban
13500.0,11500.0,41.7477099,41.7778261,urban
13500.0,12000.0,41.7522065,41.7778261,urban
13500.0,12500.0,41.7567031,41.7778261,urban
13500.0,13000.0,41.7611997,41.7778261,urban
13500.0,13500.0,41.7656963,41.7778261,urban
13500.0,14000.0,41.7701929,41.7778261,urban
13500.0,14500.0,41.7746895,41.7778261,urban
13500.0,15000.0,41.7791861,41.7778261,urban
13500.0,15500.0,41.7836827,41.7778261,urban
13500.0,16000.0,41.7881794,41.7778261,urban
13500.0,16500.0,41.792676,41.7778261,urban
13500.0,17000.0,41.7971726,41.7778261,urban
13500.0,17500.0,41.8016692,41.7778261,urban
13500.0,18000.0,41.8061658,41.7778261,urban
13500.0,18500.0,41.8106624,41.7778261,urban
13500.0,19000.0,41.815159,41.7778261,urban
13500.0,19500.0,41.8196556,41.7778261,urban
14000.0,-16000.0,41.5003964,41.7838433,open
14000.0,-15500.0,41.5048931,41.7838433,open
14000.0,-15000.0,41.5093897,41.7838433,open
14000.0,-14500.0,41.5138863,41.7838433,urban
14000.0,-14000.0,41.5183829,41.7838433,urban
14000.0,-13500.0,41.5228795,41.7838433,open
14000.0,-13000.0,41.5273761,41.7838433,open
14000.0,-12500.0,41.5318727,41.7838433,open
14000.0,-12000.0,41.5363693,41.7838433,open
14000.0,-11500.0,41.5408659,41.7838433,urban
14000.0,-11000.0,41.5453625,41.7838433,urban
14000.0,-10500.0,41.5498591,41.7838433,urban
14000.0,-10000.0,41.5543557,41.7838433,urban
14000.0,-9500.0,41.5588523,41.7838433,open
14000.0,-9000.0,41.563349,41.7838433,open
14000.0,-8500.0,41.5678456,41.7838433,open
14000.0,-8000.0,41.5723422,41.7838433,urban
14000.0,-7500.0,41.5768388,41.7838433,open
14000.0,-7000.0,41.5813354,41.7838433,open
14000.0,-6500.0,41.585832,41.7838433,open
14000.0,-6000.0,41.5903286,41.7838433,open
14000.0,-5500.0,41.5948252,41.7838433,open
14000.0,-5000.0,41.5993218,41.7838433,open
14000.0,-4500.0,41.6038184,41.7838433,open
14000.0,-4000.0,41.608315,41.7838433,open
14000.0,-3500.0,41.6128116,41.7838433,open
14000.0,-3000.0,41.6173083,41.7838433,open
14000.0,-2500.0,41.6218049,41.7838433,open
14000.0,-2000.0,41.6263015,41.7838433,open
14000.0,-1500.0,41.6307981,41.7838433,open
14000.0,-1000.0,41.6352947,41.7838433,open
14000.0,-500.0,41.6397913,41.7838433,open
14000.0,0.0,41.6442879,41.7838433,open
14000.0,500.0,41.6487845,41.7838433,open
14000.0,1000.0,41.6532811,41.7838433,open
14000.0,1500.0,41.6577777,41.7838433,open
14000.0,2000.0,41.6622743,41.7838433,open
14000.0,2500.0,41.6667709,41.7838433,open
14000.0,3000.0,41.6712675,41.7838433,open
14000.0,3500.0,41.6757642,41.7838433,open
14000.0,4000.0,41.6802608,41.7838433,open
14000.0,4500.0,41.6847574,41.7838433,open
14000.0,5000.0,41.689254,41.7838433,urban
14000.0,5500.0,41.6937506,41.7838433,open
14000.0,6000.0,41.6982472,41.7838433,urban
14000.0,6500.0,41.7027438,41.7838433,urban
14000.0,7000.0,41.7072404,41.7838433,urban
14000.0,7500.0,41.711737,41.7838433,urban
14000.0,8000.0,41.7162336,41.7838433,urban
14000.0,8500.0,41.7207302,41.7838433,urban
14000.0,9000.0,41.7252268,41.7838433,urban
14000.0,9500.0,41.7297235,41.7838433,urban
14000.0,10000.0,41.7342201,41.7838433,open
14000.0,10500.0,41.7387167,41.7838433,urban
14000.0,11000.0,41.7432133,41.7838433,urban
14000.0,11500.0,41.7477099,41.7838433,urban
14000.0,12000.0,41.7522065,41.7838433,urban
14000.0,12500.0,41.7567031,41.7838433,urban
14000.0,13000.0,41.7611997,41.7838433,urban
14000.0,13500.0,41.7656963,41.7838433,urban
14000.0,14000.0,41.7701929,41.7838433,urban
14000.0,14500.0,41.7746895,41.7838433,urban
14000.0,15000.0,41.7791861,41.7838433,open
14000.0,15500.0,41.7836827,41.7838433,urban
14000.0,16000.0,41.7881794,41.7838433,urban
14000.0,16500.0,41.792676,41.7838433,urban
14000.0,17000.0,41.7971726,41.7838433,urban
14000.0,17500.0,41.8016692,41.7838433,urban
14000.0,18000.0,41.8061658,41.7838433,urban
14000.0,18500.0,41.8106624,41.7838433,urban
14000.0,19000.0,41.815159,41.7838433,urban
14000.0,19500.0,41.8196556,41.7838433,urban
14500.0,-16000.0,41.5003964,41.7898606,open
14500.0,-15500.0,41.5048931,41.7898606,open
14500.0,-15000.0,41.5093897,41.7898606,open
14500.0,-14500.0,41.5138863,41.7898606,urban
14500.0,-14000.0,41.5183829,41.7898606,urban
14500.0,-13500.0,41.5228795,41.7898606,urban
14500.0,-13000.0,41.5273761,41.7898606,urban
14500.0,-12500.0,41.5318727,41.7898606,open
14500.0,-12000.0,41.5363693,41.7898606,open
14500.0,-11500.0,41.5408659,41.7898606,urban
14500.0,-11000.0,41.5453625,41.7898606,urban
14500.0,-10500.0,41.5498591,41.7898606,urban
14500.0,-10000.0,41.5543557,41.7898606,open
14500.0,-9500.0,41.5588523,41.7898606,open
14500.0,-9000.0,41.563349,41.7898606,open
14500.0,-8500.0,41.5678456,41.7898606,open
14500.0,-8000.0,41.5723422,41.7898606,open
14500.0,-7500.0,41.5768388,41.7898606,open
14500.0,-7000.0,41.5813354,41.7898606,open
14500.0,-6500.0,41.585832,41.7898606,open
14500.0,-6000.0,41.5903286,41.7898606,open
14500.0,-5500.0,41.5948252,41.7898606,open
14500.0,-5000.0,41.5993218,41.7898606,open
14500.0,-4500.0,41.6038184,41.7898606,open
14500.0,-4000.0,41.608315,41.7898606,open
14500.0,-3500.0,41.6128116,41.7898606,open
14500.0,-3000.0,41.6173083,41.7898606,open
14500.0,-2500.0,41.6218049,41.7898606,open
14500.0,-2000.0,41.6263015,41.7898606,open
14500.0,-1500.0,41.6307981,41.7898606,open
14500.0,-1000.0,41.6352947,41.7898606,open
14500.0,-500.0,41.6397913,41.7898606,open
14500.0,0.0,41.6442879,41.7898606,open
14500.0,500.0,41.6487845,41.7898606,open
14500.0,1000.0,41.6532811,41.7898606,open
14500.0,1500.0,41.6577777,41.7898606,open
14500.0,2000.0,41.6622743,41.7898606,open
14500.0,2500.0,41.6667709,41.7898606,open
14500.0,3000.0,41.6712675,41.7898606,open
14500.0,3500.0,41.6757642,41.7898606,open
14500.0,4000.0,41.6802608,41.7898606,open
14500.0,4500.0,41.6847574,41.7898606,open
14500.0,5000.0,41.689254,41.7898606,open
14500.0,5500.0,41.6937506,41.7898606,open
14500.0,6000.0,41.6982472,41.7898606,urban
14500.0,6500.0,41.7027438,41.7898606,urban
14500.0,7000.0,41.7072404,41.7898606,urban
14500.0,7500.0,41.711737,41.7898606,urban
14500.0,8000.0,41.7162336,41.7898606,urban
14500.0,8500.0,41.7207302,41.7898606,open
14500.0,9000.0,41.7252268,41.7898606,open
14500.0,9500.0,41.7297235,41.7898606,open
14500.0,10000.0,41.7342201,41.7898606,open
14500.0,10500.0,41.7387167,41.7898606,urban
14500.0,11000.0,41.7432133,41.7898606,urban
14500.0,11500.0,41.7477099,41.7898606,urban
14500.0,12000.0,41.7522065,41.7898606,urban
14500.0,12500.0,41.7567031,41.7898606,urban
14500.0,13000.0,41.7611997,41.7898606,urban
14500.0,13500.0,41.7656963,41.7898606,urban
14500.0,14000.0,41.7701929,41.7898606,open
14500.0,14500.0,41.7746895,41.7898606,open
14500.0,15000.0,41.7791861,41.7898606,urban
14500.0,15500.0,41.7836827,41.7898606,urban
14500.0,16000.0,41.7881794,41.7898606,urban
14500.0,16500.0,41.792676,41.7898606,urban
14500.0,17000.0,41.7971726,41.7898606,urban
14500.0,17500.0,41.8016692,41.7898606,urban
14500.0,18000.0,41.8061658,41.7898606,urban
14500.0,18500.0,41.8106624,41.7898606,urban
14500.0,19000.0,41.815159,41.7898606,urban
14500.0,19500.0,41.8196556,41.7898606,urban
15000.0,-16000.0,41.5003964,41.7958779,open
15000.0,-15500.0,41.5048931,41.7958779,open
15000.0,-15000.0,41.5093897,41.7958779,open
15000.0,-14500.0,41.5138863,41.7958779,open
15000.0,-14000.0,41.5183829,41.7958779,urban
15000.0,-13500.0,41.5228795,41.7958779,urban
15000.0,-13000.0,41.5273761,41.7958779,urban
15000.0,-12500.0,41.5318727,41.7958779,open
15000.0,-12000.0,41.5363693,41.7958779,urban
15000.0,-11500.0,41.5408659,41.7958779,urban
15000.0,-11000.0,41.5453625,41.7958779,open
15000.0,-10500.0,41.5498591,41.7958779,urban
15000.0,-10000.0,41.5543557,41.7958779,open
15000.0,-9500.0,41.5588523,41.7958779,open
15000.0,-9000.0,41.563349,41.7958779,open
15000.0,-8500.0,41.5678456,41.7958779,open
15000.0,-8000.0,41.5723422,41.7958779,open
15000.0,-7500.0,41.5768388,41.7958779,open
15000.0,-7000.0,41.5813354,41.7958779,open
15000.0,-6500.0,41.585832,41.7958779,open
15000.0,-6000.0,41.5903286,41.7958779,open
15000.0,-5500.0,41.5948252,41.7958779,open
15000.0,-5000.0,41.5993218,41.7958779,open
15000.0,-4500.0,41.6038184,41.7958779,open
15000.0,-4000.0,41.608315,41.7958779,open
15000.0,-3500.0,41.6128116,41.7958779,open
15000.0,-3000.0,41.6173083,41.7958779,open
15000.0,-2500.0,41.6218049,41.7958779,open
15000.0,-2000.0,41.6263015,41.7958779,open
15000.0,-1500.0,41.6307981,41.7958779,open
15000.0,-1000.0,41.6352947,41.7958779,open
15000.0,-500.0,41.6397913,41.7958779,open
15000.0,0.0,41.6442879,41.7958779,forest
15000.0,500.0,41.6487845,41.7958779,open
15000.0,1000.0,41.6532811,41.7958779,open
15000.0,1500.0,41.6577777,41.7958779,urban
15000.0,2000.0,41.6622743,41.7958779,open
15000.0,2500.0,41.6667709,41.7958779,open
15000.0,3000.0,41.6712675,41.7958779,open
15000.0,3500.0,41.6757642,41.7958779,open
15000.0,4000.0,41.6802608,41.7958779,open
15000.0,4500.0,41.6847574,41.7958779,open
15000.0,5000.0,41.689254,41.7958779,open
15000.0,5500.0,41.6937506,41.7958779,open
15000.0,6000.0,41.6982472,41.7958779,urban
15000.0,6500.0,41.7027438,41.7958779,urban
15000.0,7000.0,41.7072404,41.7958779,urban
15000.0,7500.0,41.711737,41.7958779,urban
15000.0,8000.0,41.7162336,41.7958779,urban
15000.0,8500.0,41.7207302,41.7958779,open
15000.0,9000.0,41.7252268,41.7958779,open
15000.0,9500.0,41.7297235,41.7958779,open
15000.0,10000.0,41.7342201,41.7958779,open
15000.0,10500.0,41.7387167,41.7958779,urban
15000.0,11000.0,41.7432133,41.7958779,urban
15000.0,11500.0,41.7477099,41.7958779,urban
15000.0,12000.0,41.7522065,41.7958779,urban
15000.0,12500.0,41.7567031,41.7958779,urban
15000.0,13000.0,41.7611997,41.7958779,urban
15000.0,13500.0,41.7656963,41.7958779,urban
15000.0,14000.0,41.7701929,41.7958779,open
15000.0,14500.0,41.7746895,41.7958779,urban
15000.0,15000.0,41.7791861,41.7958779,urban
15000.0,15500.0,41.7836827,41.7958779,urban
15000.0,16000.0,41.7881794,41.7958779,urban
15000.0,16500.0,41.792676,41.7958779,urban
15000.0,17000.0,41.7971726,41.7958779,urban
15000.0,17500.0,41.8016692,41.7958779,urban
15000.0,18000.0,41.8061658,41.7958779,urban
15000.0,18500.0,41.8106624,41.7958779,open
15000.0,19000.0,41.815159,41.7958779,open
15000.0,19500.0,41.8196556,41.7958779,urban
15500.0,-16000.0,41.5003964,41.8018951,open
15500.0,-15500.0,41.5048931,41.8018951,urban
15500.0,-15000.0,41.5093897,41.8018951,urban
15500.0,-14500.0,41.5138863,41.8018951,urban
15500.0,-14000.0,41.5183829,41.8018951,urban
15500.0,-13500.0,41.5228795,41.8018951,urban
15500.0,-13000.0,41.5273761,41.8018951,open
15500.0,-12500.0,41.5318727,41.8018951,urban
15500.0,-12000.0,41.5363693,41.8018951,urban
15500.0,-11500.0,41.5408659,41.8018951,urban
15500.0,-11000.0,41.5453625,41.8018951,urban
15500.0,-10500.0,41.5498591,41.8018951,open
15500.0,-10000.0,41.5543557,41.8018951,open
15500.0,-9500.0,41.5588523,41.8018951,open
15500.0,-9000.0,41.563349,41.8018951,open
15500.0,-8500.0,41.5678456,41.8018951,open
15500.0,-8000.0,41.5723422,41.8018951,open
15500.0,-7500.0,41.5768388,41.8018951,open
15500.0,-7000.0,41.5813354,41.8018951,open
15500.0,-6500.0,41.585832,41.8018951,open
15500.0,-6000.0,41.5903286,41.8018951,open
15500.0,-5500.0,41.5948252,41.8018951,open
15500.0,-5000.0,41.5993218,41.8018951,open
15500.0,-4500.0,41.6038184,41.8018951,open
15500.0,-4000.0,41.608315,41.8018951,open
15500.0,-3500.0,41.6128116,41.8018951,open
15500.0,-3000.0,41.6173083,41.8018951,open
15500.0,-2500.0,41.6218049,41.8018951,open
15500.0,-2000.0,41.6263015,41.8018951,open
15500.0,-1500.0,41.6307981,41.8018951,open
15500.0,-1000.0,41.6352947,41.8018951,open
15500.0,-500.0,41.6397913,41.8018951,open
15500.0,0.0,41.6442879,41.8018951,open
15500.0,500.0,41.6487845,41.8018951,open
15500.0,1000.0,41.6532811,41.8018951,urban
15500.0,1500.0,41.6577777,41.8018951,urban
15500.0,2000.0,41.6622743,41.8018951,open
15500.0,2500.0,41.6667709,41.8018951,open
15500.0,3000.0,41.6712675,41.8018951,open
15500.0,3500.0,41.6757642,41.8018951,open
15500.0,4000.0,41.6802608,41.8018951,open
15500.0,4500.0,41.6847574,41.8018951,open
15500.0,5000.0,41.689254,41.8018951,open
15500.0,5500.0,41.6937506,41.8018951,open
15500.0,6000.0,41.6982472,41.8018951,urban
15500.0,6500.0,41.7027438,41.8018951,urban
15500.0,7000.0,41.7072404,41.8018951,urban
15500.0,7500.0,41.711737,41.8018951,urban
15500.0,8000.0,41.7162336,41.8018951,urban
15500.0,8500.0,41.7207302,41.8018951,open
15500.0,9000.0,41.7252268,41.8018951,open
15500.0,9500.0,41.7297235,41.8018951,open
15500.0,10000.0,41.7342201,41.8018951,open
15500.0,10500.0,41.7387167,41.8018951,open
15500.0,11000.0,41.7432133,41.8018951,urban
15500.0,11500.0,41.7477099,41.8018951,urban
15500.0,12000.0,41.7522065,41.8018951,urban
15500.0,12500.0,41.7567031,41.8018951,urban
15500.0,13000.0,41.7611997,41.8018951,urban
15500.0,13500.0,41.7656963,41.8018951,urban
15500.0,14000.0,41.7701929,41.8018951,urban
15500.0,14500.0,41.7746895,41.8018951,open
15500.0,15000.0,41.7791861,41.8018951,open
15500.0,15500.0,41.7836827,41.8018951,urban
15500.0,16000.0,41.7881794,41.8018951,urban
15500.0,16500.0,41.792676,41.8018951,urban
15500.0,17000.0,41.7971726,41.8018951,open
15500.0,17500.0,41.8016692,41.8018951,open
15500.0,18000.0,41.8061658,41.8018951,urban
15500.0,18500.0,41.8106624,41.8018951,open
15500.0,19000.0,41.815159,41.8018951,urban
15500.0,19500.0,41.8196556,41.8018951,urban
16000.0,-16000.0,41.5003964,41.8079124,open
16000.0,-15500.0,41.5048931,41.8079124,open
16000.0,-15000.0,41.5093897,41.8079124,open
16000.0,-14500.0,41.5138863,41.8079124,urban
16000.0,-14000.0,41.5183829,41.8079124,urban
16000.0,-13500.0,41.5228795,41.8079124,open
16000.0,-13000.0,41.5273761,41.8079124,open
16000.0,-12500.0,41.5318727,41.8079124,urban
16000.0,-12000.0,41.5363693,41.8079124,urban
16000.0,-11500.0,41.5408659,41.8079124,urban
16000.0,-11000.0,41.5453625,41.8079124,urban
16000.0,-10500.0,41.5498591,41.8079124,urban
16000.0,-10000.0,41.5543557,41.8079124,urban
16000.0,-9500.0,41.5588523,41.8079124,urban
16000.0,-9000.0,41.563349,41.8079124,open
16000.0,-8500.0,41.5678456,41.8079124,open
16000.0,-8000.0,41.5723422,41.8079124,open
16000.0,-7500.0,41.5768388,41.8079124,open
16000.0,-7000.0,41.5813354,41.8079124,open
16000.0,-6500.0,41.585832,41.8079124,open
16000.0,-6000.0,41.5903286,41.8079124,open
16000.0,-5500.0,41.5948252,41.8079124,open
16000.0,-5000.0,41.5993218,41.8079124,open
16000.0,-4500.0,41.6038184,41.8079124,open
16000.0,-4000.0,41.608315,41.8079124,open
16000.0,-3500.0,41.6128116,41.8079124,open
16000.0,-3000.0,41.6173083,41.8079124,open
16000.0,-2500.0,41.6218049,41.8079124,open
16000.0,-2000.0,41.6263015,41.8079124,open
16000.0,-1500.0,41.6307981,41.8079124,open
16000.0,-1000.0,41.6352947,41.8079124,open
16000.0,-500.0,41.6397913,41.8079124,open
16000.0,0.0,41.6442879,41.8079124,urban
16000.0,500.0,41.6487845,41.8079124,urban
16000.0,1000.0,41.6532811,41.8079124,open
16000.0,1500.0,41.6577777,41.8079124,open
16000.0,2000.0,41.6622743,41.8079124,open
16000.0,2500.0,41.6667709,41.8079124,open
16000.0,3000.0,41.6712675,41.8079124,open
16000.0,3500.0,41.6757642,41.8079124,open
16000.0,4000.0,41.6802608,41.8079124,open
16000.0,4500.0,41.6847574,41.8079124,open
16000.0,5000.0,41.689254,41.8079124,open
16000.0,5500.0,41.6937506,41.8079124,open
16000.0,6000.0,41.6982472,41.8079124,open
16000.0,6500.0,41.7027438,41.8079124,urban
16000.0,7000.0,41.7072404,41.8079124,urban
16000.0,7500.0,41.711737,41.8079124,urban
16000.0,8000.0,41.7162336,41.8079124,urban
16000.0,8500.0,41.7207302,41.8079124,urban
16000.0,9000.0,41.7252268,41.8079124,open
16000.0,9500.0,41.7297235,41.8079124,open
16000.0,10000.0,41.7342201,41.8079124,open
16000.0,10500.0,41.7387167,41.8079124,open
16000.0,11000.0,41.7432133,41.8079124,urban
16000.0,11500.0,41.7477099,41.8079124,urban
16000.0,12000.0,41.7522065,41.8079124,urban
16000.0,12500.0,41.7567031,41.8079124,urban
16000.0,13000.0,41.7611997,41.8079124,urban
16000.0,13500.0,41.7656963,41.8079124,urban
16000.0,14000.0,41.7701929,41.8079124,open
16000.0,14500.0,41.7746895,41.8079124,open
16000.0,15000.0,41.7791861,41.8079124,open
16000.0,15500.0,41.7836827,41.8079124,urban
16000.0,16000.0,41.7881794,41.8079124,urban
16000.0,16500.0,41.792676,41.8079124,open
16000.0,17000.0,41.7971726,41.8079124,open
16000.0,17500.0,41.8016692,41.8079124,urban
16000.0,18000.0,41.8061658,41.8079124,urban
16000.0,18500.0,41.8106624,41.8079124,open
16000.0,19000.0,41.815159,41.8079124,urban
16000.0,19500.0,41.8196556,41.8079124,open
16500.0,-16000.0,41.5003964,41.8139297,open
16500.0,-15500.0,41.5048931,41.8139297,open
16500.0,-15000.0,41.5093897,41.8139297,urban
16500.0,-14500.0,41.5138863,41.8139297,open
16500.0,-14000.0,41.5183829,41.8139297,open
16500.0,-13500.0,41.5228795,41.8139297,open
16500.0,-13000.0,41.5273761,41.8139297,open
16500.0,-12500.0,41.5318727,41.8139297,open
16500.0,-12000.0,41.5363693,41.8139297,urban
16500.0,-11500.0,41.5408659,41.8139297,urban
16500.0,-11000.0,41.5453625,41.8139297,urban
16500.0,-10500.0,41.5498591,41.8139297,urban
16500.0,-10000.0,41.5543557,41.8139297,urban
16500.0,-9500.0,41.5588523,41.8139297,urban
16500.0,-9000.0,41.563349,41.8139297,open
16500.0,-8500.0,41.5678456,41.8139297,open
16500.0,-8000.0,41.5723422,41.8139297,open
16500.0,-7500.0,41.5768388,41.8139297,open
16500.0,-7000.0,41.5813354,41.8139297,open
16500.0,-6500.0,41.585832,41.8139297,open
16500.0,-6000.0,41.5903286,41.8139297,open
16500.0,-5500.0,41.5948252,41.8139297,open
16500.0,-5000.0,41.5993218,41.8139297,open
16500.0,-4500.0,41.6038184,41.8139297,open
16500.0,-4000.0,41.608315,41.8139297,open
16500.0,-3500.0,41.6128116,41.8139297,open
16500.0,-3000.0,41.6173083,41.8139297,open
16500.0,-2500.0,41.6218049,41.8139297,open
16500.0,-2000.0,41.6263015,41.8139297,open
16500.0,-1500.0,41.6307981,41.8139297,open
16500.0,-1000.0,41.6352947,41.8139297,open
16500.0,-500.0,41.6397913,41.8139297,open
16500.0,0.0,41.6442879,41.8139297,open
16500.0,500.0,41.6487845,41.8139297,open
16500.0,1000.0,41.6532811,41.8139297,open
16500.0,1500.0,41.6577777,41.8139297,open
16500.0,2000.0,41.6622743,41.8139297,open
16500.0,2500.0,41.6667709,41.8139297,open
16500.0,3000.0,41.6712675,41.8139297,open
16500.0,3500.0,41.6757642,41.8139297,open
16500.0,4000.0,41.6802608,41.8139297,open
16500.0,4500.0,41.6847574,41.8139297,open
16500.0,5000.0,41.689254,41.8139297,open
16500.0,5500.0,41.6937506,41.8139297,open
16500.0,6000.0,41.6982472,41.8139297,urban
16500.0,6500.0,41.7027438,41.8139297,urban
16500.0,7000.0,41.7072404,41.8139297,urban
16500.0,7500.0,41.711737,41.8139297,open
16500.0,8000.0,41.7162336,41.8139297,urban
16500.0,8500.0,41.7207302,41.8139297,open
16500.0,9000.0,41.7252268,41.8139297,open
16500.0,9500.0,41.7297235,41.8139297,open
16500.0,10000.0,41.7342201,41.8139297,open
16500.0,10500.0,41.7387167,41.8139297,open
16500.0,11000.0,41.7432133,41.8139297,urban
16500.0,11500.0,41.7477099,41.8139297,urban
16500.0,12000.0,41.7522065,41.8139297,urban
16500.0,12500.0,41.7567031,41.8139297,urban
16500.0,13000.0,41.7611997,41.8139297,urban
16500.0,13500.0,41.7656963,41.8139297,urban
16500.0,14000.0,41.7701929,41.8139297,open
16500.0,14500.0,41.7746895,41.8139297,open
16500.0,15000.0,41.7791861,41.8139297,open
16500.0,15500.0,41.7836827,41.8139297,open
16500.0,16000.0,41.7881794,41.8139297,open
16500.0,16500.0,41.792676,41.8139297,open
16500.0,17000.0,41.7971726,41.8139297,open
16500.0,17500.0,41.8016692,41.8139297,water
16500.0,18000.0,41.8061658,41.8139297,open
16500.0,18500.0,41.8106624,41.8139297,open
16500.0,19000.0,41.815159,41.8139297,open
16500.0,19500.0,41.8196556,41.8139297,open
17000.0,-16000.0,41.5003964,41.8199469,open
17000.0,-15500.0,41.5048931,41.8199469,open
17000.0,-15000.0,41.5093897,41.8199469,urban
17000.0,-14500.0,41.5138863,41.8199469,urban
17000.0,-14000.0,41.5183829,41.8199469,urban
17000.0,-13500.0,41.5228795,41.8199469,open
17000.0,-13000.0,41.5273761,41.8199469,open
17000.0,-12500.0,41.5318727,41.8199469,open
17000.0,-12000.0,41.5363693,41.8199469,open
17000.0,-11500.0,41.5408659,41.8199469,urban
17000.0,-11000.0,41.5453625,41.8199469,urban
17000.0,-10500.0,41.5498591,41.8199469,urban
17000.0,-10000.0,41.5543557,41.8199469,urban
17000.0,-9500.0,41.5588523,41.8199469,urban
17000.0,-9000.0,41.563349,41.8199469,open
17000.0,-8500.0,41.5678456,41.8199469,open
17000.0,-8000.0,41.5723422,41.8199469,open
17000.0,-7500.0,41.5768388,41.8199469,open
17000.0,-7000.0,41.5813354,41.8199469,open
17000.0,-6500.0,41.585832,41.8199469,open
17000.0,-6000.0,41.5903286,41.8199469,open
17000.0,-5500.0,41.5948252,41.8199469,open
17000.0,-5000.0,41.5993218,41.8199469,open
17000.0,-4500.0,41.6038184,41.8199469,open
17000.0,-4000.0,41.608315,41.8199469,open
17000.0,-3500.0,41.6128116,41.8199469,open
17000.0,-3000.0,41.6173083,41.8199469,open
17000.0,-2500.0,41.6218049,41.8199469,open
17000.0,-2000.0,41.6263015,41.8199469,open
17000.0,-1500.0,41.6307981,41.8199469,open
17000.0,-1000.0,41.6352947,41.8199469,open
17000.0,-500.0,41.6397913,41.8199469,open
17000.0,0.0,41.6442879,41.8199469,open
17000.0,500.0,41.6487845,41.8199469,open
17000.0,1000.0,41.6532811,41.8199469,open
17000.0,1500.0,41.6577777,41.8199469,open
17000.0,2000.0,41.6622743,41.8199469,open
17000.0,2500.0,41.6667709,41.8199469,open
17000.0,3000.0,41.6712675,41.8199469,open
17000.0,3500.0,41.6757642,41.8199469,open
17000.0,4000.0,41.6802608,41.8199469,open
17000.0,4500.0,41.6847574,41.8199469,open
17000.0,5000.0,41.689254,41.8199469,open
17000.0,5500.0,41.6937506,41.8199469,urban
17000.0,6000.0,41.6982472,41.8199469,urban
17000.0,6500.0,41.7027438,41.8199469,urban
17000.0,7000.0,41.7072404,41.8199469,urban
17000.0,7500.0,41.711737,41.8199469,open
17000.0,8000.0,41.7162336,41.8199469,open
17000.0,8500.0,41.7207302,41.8199469,open
17000.0,9000.0,41.7252268,41.8199469,open
17000.0,9500.0,41.7297235,41.8199469,open
17000.0,10000.0,41.7342201,41.8199469,open
17000.0,10500.0,41.7387167,41.8199469,open
17000.0,11000.0,41.7432133,41.8199469,urban
17000.0,11500.0,41.7477099,41.8199469,urban
17000.0,12000.0,41.7522065,41.8199469,urban
17000.0,12500.0,41.7567031,41.8199469,urban
17000.0,13000.0,41.7611997,41.8199469,urban
17000.0,13500.0,41.7656963,41.8199469,urban
17000.0,14000.0,41.7701929,41.8199469,open
17000.0,14500.0,41.7746895,41.8199469,open
17000.0,15000.0,41.7791861,41.8199469,open
17000.0,15500.0,41.7836827,41.8199469,open
17000.0,16000.0,41.7881794,41.8199469,open
17000.0,16500.0,41.792676,41.8199469,open
17000.0,17000.0,41.7971726,41.8199469,open
17000.0,17500.0,41.8016692,41.8199469,open
17000.0,18000.0,41.8061658,41.8199469,urban
17000.0,18500.0,41.8106624,41.8199469,open
17000.0,19000.0,41.815159,41.8199469,open
17000.0,19500.0,41.8196556,41.8199469,open
17500.0,-16000.0,41.5003964,41.8259642,open
17500.0,-15500.0,41.5048931,41.8259642,urban
17500.0,-15000.0,41.5093897,41.8259642,urban
17500.0,-14500.0,41.5138863,41.8259642,urban
17500.0,-14000.0,41.5183829,41.8259642,urban
17500.0,-13500.0,41.5228795,41.8259642,open
17500.0,-13000.0,41.5273761,41.8259642,open
17500.0,-12500.0,41.5318727,41.8259642,open
17500.0,-12000.0,41.5363693,41.8259642,open
17500.0,-11500.0,41.5408659,41.8259642,urban
17500.0,-11000.0,41.5453625,41.8259642,urban
17500.0,-10500.0,41.5498591,41.8259642,urban
17500.0,-10000.0,41.5543557,41.8259642,urban
17500.0,-9500.0,41.5588523,41.8259642,urban
17500.0,-9000.0,41.563349,41.8259642,water
17500.0,-8500.0,41.5678456,41.8259642,urban
17500.0,-8000.0,41.5723422,41.8259642,open
17500.0,-7500.0,41.5768388,41.8259642,open
17500.0,-7000.0,41.5813354,41.8259642,open
17500.0,-6500.0,41.585832,41.8259642,open
17500.0,-6000.0,41.5903286,41.8259642,open
17500.0,-5500.0,41.5948252,41.8259642,open
17500.0,-5000.0,41.5993218,41.8259642,open
17500.0,-4500.0,41.6038184,41.8259642,open
17500.0,-4000.0,41.608315,41.8259642,open
17500.0,-3500.0,41.6128116,41.8259642,open
17500.0,-3000.0,41.6173083,41.8259642,open
17500.0,-2500.0,41.6218049,41.8259642,open
17500.0,-2000.0,41.6263015,41.8259642,open
17500.0,-1500.0,41.6307981,41.8259642,open
17500.0,-1000.0,41.6352947,41.8259642,open
17500.0,-500.0,41.6397913,41.8259642,open
17500.0,0.0,41.6442879,41.8259642,open
17500.0,500.0,41.6487845,41.8259642,open
17500.0,1000.0,41.6532811,41.8259642,open
17500.0,1500.0,41.6577777,41.8259642,open
17500.0,2000.0,41.6622743,41.8259642,open
17500.0,2500.0,41.6667709,41.8259642,open
17500.0,3000.0,41.6712675,41.8259642,open
17500.0,3500.0,41.6757642,41.8259642,open
17500.0,4000.0,41.6802608,41.8259642,open
17500.0,4500.0,41.6847574,41.8259642,open
17500.0,5000.0,41.689254,41.8259642,open
17500.0,5500.0,41.6937506,41.8259642,open
17500.0,6000.0,41.6982472,41.8259642,open
17500.0,6500.0,41.7027438,41.8259642,open
17500.0,7000.0,41.7072404,41.8259642,open
17500.0,7500.0,41.711737,41.8259642,open
17500.0,8000.0,41.7162336,41.8259642,open
17500.0,8500.0,41.7207302,41.8259642,open
17500.0,9000.0,41.7252268,41.8259642,open
17500.0,9500.0,41.7297235,41.8259642,open
17500.0,10000.0,41.7342201,41.8259642,open
17500.0,10500.0,41.7387167,41.8259642,open
17500.0,11000.0,41.7432133,41.8259642,open
17500.0,11500.0,41.7477099,41.8259642,urban
17500.0,12000.0,41.7522065,41.8259642,urban
17500.0,12500.0,41.7567031,41.8259642,urban
17500.0,13000.0,41.7611997,41.8259642,urban
17500.0,13500.0,41.7656963,41.8259642,open
17500.0,14000.0,41.7701929,41.8259642,open
17500.0,14500.0,41.7746895,41.8259642,open
17500.0,15000.0,41.7791861,41.8259642,open
17500.0,15500.0,41.7836827,41.8259642,open
17500.0,16000.0,41.7881794,41.8259642,open
17500.0,16500.0,41.792676,41.8259642,open
17500.0,17000.0,41.7971726,41.8259642,open
17500.0,17500.0,41.8016692,41.8259642,urban
17500.0,18000.0,41.8061658,41.8259642,urban
17500.0,18500.0,41.8106624,41.8259642,open
17500.0,19000.0,41.815159,41.8259642,open
17500.0,19500.0,41.8196556,41.8259642,open
18000.0,-16000.0,41.5003964,41.8319814,urban
18000.0,-15500.0,41.5048931,41.8319814,urban
18000.0,-15000.0,41.5093897,41.8319814,urban
18000.0,-14500.0,41.5138863,41.8319814,urban
18000.0,-14000.0,41.5183829,41.8319814,open
18000.0,-13500.0,41.5228795,41.8319814,open
18000.0,-13000.0,41.5273761,41.8319814,open
18000.0,-12500.0,41.5318727,41.8319814,open
18000.0,-12000.0,41.5363693,41.8319814,open
18000.0,-11500.0,41.5408659,41.8319814,open
18000.0,-11000.0,41.5453625,41.8319814,open
18000.0,-10500.0,41.5498591,41.8319814,urban
18000.0,-10000.0,41.5543557,41.8319814,open
18000.0,-9500.0,41.5588523,41.8319814,urban
18000.0,-9000.0,41.563349,41.8319814,urban
18000.0,-8500.0,41.5678456,41.8319814,urban
18000.0,-8000.0,41.5723422,41.8319814,urban
18000.0,-7500.0,41.5768388,41.8319814,open
18000.0,-7000.0,41.5813354,41.8319814,open
18000.0,-6500.0,41.585832,41.8319814,open
18000.0,-6000.0,41.5903286,41.8319814,open
18000.0,-5500.0,41.5948252,41.8319814,open
18000.0,-5000.0,41.5993218,41.8319814,open
18000.0,-4500.0,41.6038184,41.8319814,open
18000.0,-4000.0,41.608315,41.8319814,open
18000.0,-3500.0,41.6128116,41.8319814,open
18000.0,-3000.0,41.6173083,41.8319814,open
18000.0,-2500.0,41.6218049,41.8319814,open
18000.0,-2000.0,41.6263015,41.8319814,open
18000.0,-1500.0,41.6307981,41.8319814,open
18000.0,-1000.0,41.6352947,41.8319814,open
18000.0,-500.0,41.6397913,41.8319814,open
18000.0,0.0,41.6442879,41.8319814,open
18000.0,500.0,41.6487845,41.8319814,open
18000.0,1000.0,41.6532811,41.8319814,open
18000.0,1500.0,41.6577777,41.8319814,open
18000.0,2000.0,41.6622743,41.8319814,open
18000.0,2500.0,41.6667709,41.8319814,open
18000.0,3000.0,41.6712675,41.8319814,open
18000.0,3500.0,41.6757642,41.8319814,open
18000.0,4000.0,41.6802608,41.8319814,open
18000.0,4500.0,41.6847574,41.8319814,open
18000.0,5000.0,41.689254,41.8319814,open
18000.0,5500.0,41.6937506,41.8319814,open
18000.0,6000.0,41.6982472,41.8319814,open
18000.0,6500.0,41.7027438,41.8319814,open
18000.0,7000.0,41.7072404,41.8319814,open
18000.0,7500.0,41.711737,41.8319814,open
18000.0,8000.0,41.7162336,41.8319814,open
18000.0,8500.0,41.7207302,41.8319814,open
18000.0,9000.0,41.7252268,41.8319814,open
18000.0,9500.0,41.7297235,41.8319814,open
18000.0,10000.0,41.7342201,41.8319814,open
18000.0,10500.0,41.7387167,41.8319814,open
18000.0,11000.0,41.7432133,41.8319814,open
18000.0,11500.0,41.7477099,41.8319814,open
18000.0,12000.0,41.7522065,41.8319814,urban
18000.0,12500.0,41.7567031,41.8319814,urban
18000.0,13000.0,41.7611997,41.8319814,open
18000.0,13500.0,41.7656963,41.8319814,open
18000.0,14000.0,41.7701929,41.8319814,open
18000.0,14500.0,41.7746895,41.8319814,open
18000.0,15000.0,41.7791861,41.8319814,open
18000.0,15500.0,41.7836827,41.8319814,open
18000.0,16000.0,41.7881794,41.8319814,open
18000.0,16500.0,41.792676,41.8319814,open
18000.0,17000.0,41.7971726,41.8319814,open
18000.0,17500.0,41.8016692,41.8319814,urban
18000.0,18000.0,41.8061658,41.8319814,urban
18000.0,18500.0,41.8106624,41.8319814,open
18000.0,19000.0,41.815159,41.8319814,open
18000.0,19500.0,41.8196556,41.8319814,open
18500.0,-16000.0,41.5003964,41.8379987,urban
18500.0,-15500.0,41.5048931,41.8379987,urban
18500.0,-15000.0,41.5093897,41.8379987,urban
18500.0,-14500.0,41.5138863,41.8379987,open
18500.0,-14000.0,41.5183829,41.8379987,open
18500.0,-13500.0,41.5228795,41.8379987,open
18500.0,-13000.0,41.5273761,41.8379987,open
18500.0,-12500.0,41.5318727,41.8379987,open
18500.0,-12000.0,41.5363693,41.8379987,open
18500.0,-11500.0,41.5408659,41.8379987,open
18500.0,-11000.0,41.5453625,41.8379987,open
18500.0,-10500.0,41.5498591,41.8379987,urban
18500.0,-10000.0,41.5543557,41.8379987,urban
18500.0,-9500.0,41.5588523,41.8379987,urban
18500.0,-9000.0,41.563349,41.8379987,urban
18500.0,-8500.0,41.5678456,41.8379987,urban
18500.0,-8000.0,41.5723422,41.8379987,open
18500.0,-7500.0,41.5768388,41.8379987,open
18500.0,-7000.0,41.5813354,41.8379987,open
18500.0,-6500.0,41.585832,41.8379987,open
18500.0,-6000.0,41.5903286,41.8379987,open
18500.0,-5500.0,41.5948252,41.8379987,open
18500.0,-5000.0,41.5993218,41.8379987,urban
18500.0,-4500.0,41.6038184,41.8379987,open
18500.0,-4000.0,41.608315,41.8379987,open
18500.0,-3500.0,41.6128116,41.8379987,open
18500.0,-3000.0,41.6173083,41.8379987,open
18500.0,-2500.0,41.6218049,41.8379987,open
18500.0,-2000.0,41.6263015,41.8379987,open
18500.0,-1500.0,41.6307981,41.8379987,open
18500.0,-1000.0,41.6352947,41.8379987,open
18500.0,-500.0,41.6397913,41.8379987,open
18500.0,0.0,41.6442879,41.8379987,open
18500.0,500.0,41.6487845,41.8379987,open
18500.0,1000.0,41.6532811,41.8379987,open
18500.0,1500.0,41.6577777,41.8379987,open
18500.0,2000.0,41.6622743,41.8379987,open
18500.0,2500.0,41.6667709,41.8379987,open
18500.0,3000.0,41.6712675,41.8379987,open
18500.0,3500.0,41.6757642,41.8379987,open
18500.0,4000.0,41.6802608,41.8379987,open
18500.0,4500.0,41.6847574,41.8379987,open
18500.0,5000.0,41.689254,41.8379987,open
18500.0,5500.0,41.6937506,41.8379987,open
18500.0,6000.0,41.6982472,41.8379987,open
18500.0,6500.0,41.7027438,41.8379987,open
18500.0,7000.0,41.7072404,41.8379987,open
18500.0,7500.0,41.711737,41.8379987,open
18500.0,8000.0,41.7162336,41.8379987,open
18500.0,8500.0,41.7207302,41.8379987,open
18500.0,9000.0,41.7252268,41.8379987,open
18500.0,9500.0,41.7297235,41.8379987,open
18500.0,10000.0,41.7342201,41.8379987,open
18500.0,10500.0,41.7387167,41.8379987,open
18500.0,11000.0,41.7432133,41.8379987,open
18500.0,11500.0,41.7477099,41.8379987,open
18500.0,12000.0,41.7522065,41.8379987,open
18500.0,12500.0,41.7567031,41.8379987,open
18500.0,13000.0,41.7611997,41.8379987,open
18500.0,13500.0,41.7656963,41.8379987,urban
18500.0,14000.0,41.7701929,41.8379987,open
18500.0,14500.0,41.7746895,41.8379987,open
18500.0,15000.0,41.7791861,41.8379987,open
18500.0,15500.0,41.7836827,41.8379987,open
18500.0,16000.0,41.7881794,41.8379987,open
18500.0,16500.0,41.792676,41.8379987,urban
18500.0,17000.0,41.7971726,41.8379987,urban
18500.0,17500.0,41.8016692,41.8379987,urban
18500.0,18000.0,41.8061658,41.8379987,urban
18500.0,18500.0,41.8106624,41.8379987,urban
18500.0,19000.0,41.815159,41.8379987,urban
18500.0,19500.0,41.8196556,41.8379987,urban
19000.0,-16000.0,41.5003964,41.844016,urban
19000.0,-15500.0,41.5048931,41.844016,urban
19000.0,-15000.0,41.5093897,41.844016,urban
19000.0,-14500.0,41.5138863,41.844016,urban
19000.0,-14000.0,41.5183829,41.844016,open
19000.0,-13500.0,41.5228795,41.844016,open
19000.0,-13000.0,41.5273761,41.844016,open
19000.0,-12500.0,41.5318727,41.844016,open
19000.0,-12000.0,41.5363693,41.844016,open
19000.0,-11500.0,41.5408659,41.844016,open
19000.0,-11000.0,41.5453625,41.844016,open
19000.0,-10500.0,41.5498591,41.844016,urban
19000.0,-10000.0,41.5543557,41.844016,urban
19000.0,-9500.0,41.5588523,41.844016,urban
19000.0,-9000.0,41.563349,41.844016,urban
19000.0,-8500.0,41.5678456,41.844016,urban
19000.0,-8000.0,41.5723422,41.844016,urban
19000.0,-7500.0,41.5768388,41.844016,open
19000.0,-7000.0,41.5813354,41.844016,open
19000.0,-6500.0,41.585832,41.844016,open
19000.0,-6000.0,41.5903286,41.844016,open
19000.0,-5500.0,41.5948252,41.844016,urban
19000.0,-5000.0,41.5993218,41.844016,open
19000.0,-4500.0,41.6038184,41.844016,open
19000.0,-4000.0,41.608315,41.844016,open
19000.0,-3500.0,41.6128116,41.844016,open
19000.0,-3000.0,41.6173083,41.844016,open
19000.0,-2500.0,41.6218049,41.844016,open
19000.0,-2000.0,41.6263015,41.844016,open
19000.0,-1500.0,41.6307981,41.844016,open
19000.0,-1000.0,41.6352947,41.844016,open
19000.0,-500.0,41.6397913,41.844016,open
19000.0,0.0,41.6442879,41.844016,open
19000.0,500.0,41.6487845,41.844016,open
19000.0,1000.0,41.6532811,41.844016,open
19000.0,1500.0,41.6577777,41.844016,open
19000.0,2000.0,41.6622743,41.844016,open
19000.0,2500.0,41.6667709,41.844016,open
19000.0,3000.0,41.6712675,41.844016,open
19000.0,3500.0,41.6757642,41.844016,open
19000.0,4000.0,41.6802608,41.844016,open
19000.0,4500.0,41.6847574,41.844016,urban
19000.0,5000.0,41.689254,41.844016,open
19000.0,5500.0,41.6937506,41.844016,open
19000.0,6000.0,41.6982472,41.844016,open
19000.0,6500.0,41.7027438,41.844016,open
19000.0,7000.0,41.7072404,41.844016,open
19000.0,7500.0,41.711737,41.844016,open
19000.0,8000.0,41.7162336,41.844016,open
19000.0,8500.0,41.7207302,41.844016,open
19000.0,9000.0,41.7252268,41.844016,open
19000.0,9500.0,41.7297235,41.844016,open
19000.0,10000.0,41.7342201,41.844016,open
19000.0,10500.0,41.7387167,41.844016,open
19000.0,11000.0,41.7432133,41.844016,open
19000.0,11500.0,41.7477099,41.844016,open
19000.0,12000.0,41.7522065,41.844016,open
19000.0,12500.0,41.7567031,41.844016,open
19000.0,13000.0,41.7611997,41.844016,open
19000.0,13500.0,41.7656963,41.844016,open
19000.0,14000.0,41.7701929,41.844016,open
19000.0,14500.0,41.7746895,41.844016,open
19000.0,15000.0,41.7791861,41.844016,open
19000.0,15500.0,41.7836827,41.844016,open
19000.0,16000.0,41.7881794,41.844016,open
19000.0,16500.0,41.792676,41.844016,urban
19000.0,17000.0,41.7971726,41.844016,urban
19000.0,17500.0,41.8016692,41.844016,urban
19000.0,18000.0,41.8061658,41.844016,urban
19000.0,18500.0,41.8106624,41.844016,urban
19000.0,19000.0,41.815159,41.844016,urban
19000.0,19500.0,41.8196556,41.844016,urban
19500.0,-16000.0,41.5003964,41.8500332,open
19500.0,-15500.0,41.5048931,41.8500332,urban
19500.0,-15000.0,41.5093897,41.8500332,urban
19500.0,-14500.0,41.5138863,41.8500332,urban
19500.0,-14000.0,41.5183829,41.8500332,open
19500.0,-13500.0,41.5228795,41.8500332,open
19500.0,-13000.0,41.5273761,41.8500332,open
19500.0,-12500.0,41.5318727,41.8500332,open
19500.0,-12000.0,41.5363693,41.8500332,open
19500.0,-11500.0,41.5408659,41.8500332,open
19500.0,-11000.0,41.5453625,41.8500332,open
19500.0,-10500.0,41.5498591,41.8500332,open
19500.0,-10000.0,41.5543557,41.8500332,open
19500.0,-9500.0,41.5588523,41.8500332,open
19500.0,-9000.0,41.563349,41.8500332,open
19500.0,-8500.0,41.5678456,41.8500332,urban
19500.0,-8000.0,41.5723422,41.8500332,urban
19500.0,-7500.0,41.5768388,41.8500332,urban
19500.0,-7000.0,41.5813354,41.8500332,open
19500.0,-6500.0,41.585832,41.8500332,open
19500.0,-6000.0,41.5903286,41.8500332,open
19500.0,-5500.0,41.5948252,41.8500332,open
19500.0,-5000.0,41.5993218,41.8500332,open
19500.0,-4500.0,41.6038184,41.8500332,urban
19500.0,-4000.0,41.608315,41.8500332,open
19500.0,-3500.0,41.6128116,41.8500332,open
19500.0,-3000.0,41.6173083,41.8500332,open
19500.0,-2500.0,41.6218049,41.8500332,open
19500.0,-2000.0,41.6263015,41.8500332,open
19500.0,-1500.0,41.6307981,41.8500332,open
19500.0,-1000.0,41.6352947,41.8500332,open
19500.0,-500.0,41.6397913,41.8500332,open
19500.0,0.0,41.6442879,41.8500332,open
19500.0,500.0,41.6487845,41.8500332,open
19500.0,1000.0,41.6532811,41.8500332,open
19500.0,1500.0,41.6577777,41.8500332,open
19500.0,2000.0,41.6622743,41.8500332,open
19500.0,2500.0,41.6667709,41.8500332,open
19500.0,3000.0,41.6712675,41.8500332,open
19500.0,3500.0,41.6757642,41.8500332,open
19500.0,4000.0,41.6802608,41.8500332,urban
19500.0,4500.0,41.6847574,41.8500332,open
19500.0,5000.0,41.689254,41.8500332,urban
19500.0,5500.0,41.6937506,41.8500332,open
19500.0,6000.0,41.6982472,41.8500332,open
19500.0,6500.0,41.7027438,41.8500332,open
19500.0,7000.0,41.7072404,41.8500332,open
19500.0,7500.0,41.711737,41.8500332,open
19500.0,8000.0,41.7162336,41.8500332,open
19500.0,8500.0,41.7207302,41.8500332,open
19500.0,9000.0,41.7252268,41.8500332,open
19500.0,9500.0,41.7297235,41.8500332,open
19500.0,10000.0,41.7342201,41.8500332,open
19500.0,10500.0,41.7387167,41.8500332,open
19500.0,11000.0,41.7432133,41.8500332,open
19500.0,11500.0,41.7477099,41.8500332,open
19500.0,12000.0,41.7522065,41.8500332,open
19500.0,12500.0,41.7567031,41.8500332,open
19500.0,13000.0,41.7611997,41.8500332,open
19500.0,13500.0,41.7656963,41.8500332,open
19500.0,14000.0,41.7701929,41.8500332,open
19500.0,14500.0,41.7746895,41.8500332,forest
19500.0,15000.0,41.7791861,41.8500332,open
19500.0,15500.0,41.7836827,41.8500332,open
19500.0,16000.0,41.7881794,41.8500332,open
19500.0,16500.0,41.792676,41.8500332,urban
19500.0,17000.0,41.7971726,41.8500332,urban
19500.0,17500.0,41.8016692,41.8500332,urban
19500.0,18000.0,41.8061658,41.8500332,urban
19500.0,18500.0,41.8106624,41.8500332,urban
19500.0,19000.0,41.815159,41.8500332,urban
19500.0,19500.0,41.8196556,41.8500332,urban
20000.0,-16000.0,41.5003964,41.8560505,urban
20000.0,-15500.0,41.5048931,41.8560505,urban
20000.0,-15000.0,41.5093897,41.8560505,open
20000.0,-14500.0,41.5138863,41.8560505,open
20000.0,-14000.0,41.5183829,41.8560505,open
20000.0,-13500.0,41.5228795,41.8560505,open
20000.0,-13000.0,41.5273761,41.8560505,open
20000.0,-12500.0,41.5318727,41.8560505,open
20000.0,-12000.0,41.5363693,41.8560505,open
20000.0,-11500.0,41.5408659,41.8560505,open
20000.0,-11000.0,41.5453625,41.8560505,open
20000.0,-10500.0,41.5498591,41.8560505,open
20000.0,-10000.0,41.5543557,41.8560505,open
20000.0,-9500.0,41.5588523,41.8560505,open
20000.0,-9000.0,41.563349,41.8560505,open
20000.0,-8500.0,41.5678456,41.8560505,urban
20000.0,-8000.0,41.5723422,41.8560505,urban
20000.0,-7500.0,41.5768388,41.8560505,urban
20000.0,-7000.0,41.5813354,41.8560505,urban
20000.0,-6500.0,41.585832,41.8560505,urban
20000.0,-6000.0,41.5903286,41.8560505,open
20000.0,-5500.0,41.5948252,41.8560505,open
20000.0,-5000.0,41.5993218,41.8560505,open
20000.0,-4500.0,41.6038184,41.8560505,urban
20000.0,-4000.0,41.608315,41.8560505,open
20000.0,-3500.0,41.6128116,41.8560505,open
20000.0,-3000.0,41.6173083,41.8560505,open
20000.0,-2500.0,41.6218049,41.8560505,open
20000.0,-2000.0,41.6263015,41.8560505,open
20000.0,-1500.0,41.6307981,41.8560505,open
20000.0,-1000.0,41.6352947,41.8560505,open
20000.0,-500.0,41.6397913,41.8560505,open
20000.0,0.0,41.6442879,41.8560505,open
20000.0,500.0,41.6487845,41.8560505,open
20000.0,1000.0,41.6532811,41.8560505,open
20000.0,1500.0,41.6577777,41.8560505,open
20000.0,2000.0,41.6622743,41.8560505,open
20000.0,2500.0,41.6667709,41.8560505,open
20000.0,3000.0,41.6712675,41.8560505,open
20000.0,3500.0,41.6757642,41.8560505,open
20000.0,4000.0,41.6802608,41.8560505,urban
20000.0,4500.0,41.6847574,41.8560505,open
20000.0,5000.0,41.689254,41.8560505,open
20000.0,5500.0,41.6937506,41.8560505,open
20000.0,6000.0,41.6982472,41.8560505,open
20000.0,6500.0,41.7027438,41.8560505,open
20000.0,7000.0,41.7072404,41.8560505,open
20000.0,7500.0,41.711737,41.8560505,open
20000.0,8000.0,41.7162336,41.8560505,open
20000.0,8500.0,41.7207302,41.8560505,open
20000.0,9000.0,41.7252268,41.8560505,open
20000.0,9500.0,41.7297235,41.8560505,open
20000.0,10000.0,41.7342201,41.8560505,open
20000.0,10500.0,41.7387167,41.8560505,open
20000.0,11000.0,41.7432133,41.8560505,open
20000.0,11500.0,41.7477099,41.8560505,open
20000.0,12000.0,41.7522065,41.8560505,open
20000.0,12500.0,41.7567031,41.8560505,open
20000.0,13000.0,41.7611997,41.8560505,open
20000.0,13500.0,41.7656963,41.8560505,open
20000.0,14000.0,41.7701929,41.8560505,open
20000.0,14500.0,41.7746895,41.8560505,open
20000.0,15000.0,41.7791861,41.8560505,forest
20000.0,15500.0,41.7836827,41.8560505,urban
20000.0,16000.0,41.7881794,41.8560505,open
20000.0,16500.0,41.792676,41.8560505,urban
20000.0,17000.0,41.7971726,41.8560505,urban
20000.0,17500.0,41.8016692,41.8560505,urban
20000.0,18000.0,41.8061658,41.8560505,urban
20000.0,18500.0,41.8106624,41.8560505,urban
20000.0,19000.0,41.815159,41.8560505,urban
20000.0,19500.0,41.8196556,41.8560505,urban
